Education,Marital_Status,NumTotalPurchases,TotalAcceptedCmp,Kids,Day_engaged,Expenses,Income
0,1,25,0,0,997,1617,58138.0
0,1,6,0,2,151,27,46344.0
0,0,21,0,0,498,776,71613.0
0,0,8,0,1,91,53,26646.0
0,0,19,0,1,347,422,58293.0
0,0,22,0,1,479,716,62513.0
0,1,21,0,1,779,590,55635.0
0,0,10,0,1,514,169,33454.0
0,0,6,0,1,574,46,30351.0
0,0,2,1,2,294,49,5648.0
0,0,4,0,1,412,19,51381.5
1,0,6,0,0,779,61,7500.0
0,1,16,0,0,412,1102,63033.0
0,1,15,0,2,412,310,59354.0
0,0,5,0,0,813,46,17323.0
0,1,26,2,0,768,1315,82800.0
0,0,9,0,2,738,96,41850.0
0,0,13,0,0,853,317,37760.0
0,0,26,1,1,644,1782,76995.0
0,1,8,0,1,1026,133,33812.0
0,0,12,0,0,876,316,37040.0
0,0,43,0,1,579,1730,2447.0
0,0,17,1,1,739,972,58607.0
0,0,20,0,1,61,544,65324.0
0,0,20,0,1,654,444,40689.0
0,1,8,0,0,699,75,18589.0
0,0,14,0,2,584,257,53359.0
0,1,27,0,1,680,637,51381.5
0,0,9,0,1,580,131,38360.0
0,0,26,1,0,405,1672,84618.0
0,1,8,0,0,224,30,10979.0
0,0,11,0,0,422,318,38620.0
0,0,9,1,1,813,120,40548.0
0,1,17,0,2,794,302,46610.0
0,0,18,0,0,680,1196,68657.0
0,1,6,0,2,490,65,49389.0
0,0,28,0,1,366,913,67353.0
0,0,9,0,1,691,81,23718.0
0,1,7,0,1,60,67,42429.0
0,1,24,1,0,729,902,48948.0
0,0,21,0,1,612,1395,80011.0
0,0,7,0,1,394,53,20559.0
0,0,4,0,1,738,22,21994.0
0,1,9,0,0,600,186,51381.5
0,0,8,0,1,690,31,7500.0
0,1,16,0,0,187,984,79941.0
0,0,10,0,0,842,122,7500.0
0,0,5,0,1,587,55,41728.0
0,1,10,0,3,365,124,51381.5
0,0,28,0,2,873,1319,72550.0
0,1,17,0,1,27,507,65486.0
0,0,29,0,0,784,1693,79143.0
0,1,7,0,1,699,72,35790.0
0,1,21,2,0,179,1617,82582.0
0,0,23,0,2,391,606,66373.0
0,0,27,1,0,773,1957,82384.0
0,1,21,0,0,696,1093,70287.0
0,1,6,0,1,248,29,27938.0
0,1,7,0,1,563,46,51381.5
0,0,19,0,1,304,518,55954.0
0,1,21,2,0,634,1438,75777.0
0,0,22,0,2,906,612,66653.0
0,1,24,0,1,682,884,61823.0
0,1,19,0,1,421,606,67680.0
0,0,16,0,0,568,1076,70666.0
0,0,5,0,1,590,34,25721.0
0,0,4,0,2,57,11,32474.0
0,1,32,2,1,288,1274,88194.0
0,0,18,0,1,461,653,69096.0
0,0,19,0,3,515,1562,74854.0
0,0,21,0,0,783,1253,66991.0
0,0,9,0,1,839,109,51381.5
0,0,30,0,1,655,863,65031.0
0,0,24,1,2,607,661,60631.0
0,0,8,0,0,246,65,28332.0
0,1,4,0,1,743,13,40246.0
0,0,19,0,0,857,1890,75251.0
0,1,22,1,0,752,2209,75825.0
0,0,4,0,0,632,18,26326.0
0,0,21,1,0,699,692,56046.0
0,1,12,0,1,855,165,29760.0
0,0,4,0,1,557,16,26304.0
0,0,9,0,1,665,79,23559.0
0,0,11,0,0,422,318,38620.0
0,1,27,0,0,310,778,81361.0
0,0,7,0,2,419,56,29440.0
0,0,13,1,2,534,151,36138.0
0,1,17,2,1,218,372,50388.0
0,0,19,1,0,27,1366,79593.0
0,0,10,0,1,345,194,54178.0
0,0,29,0,3,773,603,51381.5
0,1,4,0,2,219,18,51381.5
0,0,15,0,0,404,985,51381.5
0,1,5,0,1,284,32,42394.0
0,0,10,0,1,222,43,23626.0
0,0,6,0,1,224,45,30096.0
0,1,22,1,1,770,606,47916.0
0,1,7,0,2,423,63,51813.0
0,0,25,1,0,719,978,78497.0
0,0,16,0,0,560,410,50150.0
0,1,7,0,1,527,72,47823.0
0,1,7,0,1,277,55,34554.0
0,0,27,0,1,621,1169,85693.0
0,0,16,0,0,594,1120,65846.0
0,0,20,0,0,149,1097,87195.0
1,0,5,0,1,446,29,24594.0
0,0,13,0,2,464,187,49096.0
0,0,26,0,2,698,910,52413.0
0,1,9,0,1,743,145,38557.0
0,0,14,0,0,903,850,89058.0
0,0,24,0,1,689,969,77298.0
0,1,17,1,0,812,1820,68126.0
0,0,20,1,1,190,608,57288.0
0,1,25,2,0,699,730,86037.0
0,0,21,0,1,750,551,43974.0
0,1,8,0,2,449,114,50785.0
0,0,15,2,0,342,1724,90765.0
0,0,20,0,1,681,577,36550.0
0,0,7,0,2,420,81,30753.0
0,0,7,0,1,413,33,21918.0
0,0,22,0,1,560,660,56129.0
0,1,9,0,1,311,80,32557.0
0,0,6,0,2,632,30,19510.0
0,1,5,0,1,619,43,30992.0
0,1,27,3,0,394,1135,101970.0
0,0,16,0,0,682,559,71488.0
0,1,16,0,0,620,1923,79607.0
0,0,8,0,2,148,90,54348.0
0,0,17,0,1,420,404,51381.5
0,0,23,0,2,88,661,77376.0
0,0,19,0,1,458,463,62998.0
0,1,23,0,2,455,632,61331.0
0,0,19,0,0,91,725,73448.0
0,0,19,0,1,419,725,51381.5
0,0,16,0,2,505,279,41551.0
0,0,23,1,0,655,1482,62981.0
1,1,6,0,1,876,29,9548.0
0,0,9,0,3,543,106,33762.0
0,1,6,1,2,227,49,35860.0
0,1,7,0,2,522,38,36921.0
0,1,22,0,0,804,2077,92859.0
0,0,17,0,1,413,1053,65104.0
0,0,23,0,0,622,1385,86111.0
0,1,25,0,1,491,871,68352.0
0,0,12,0,1,653,312,41883.0
0,0,15,0,2,805,877,59809.0
0,0,6,0,1,795,68,23957.0
0,0,4,0,1,491,22,38547.0
0,0,16,0,3,862,211,35688.0
0,0,8,0,0,194,127,49605.0
0,0,16,0,2,252,459,59354.0
0,0,19,1,1,182,460,65747.0
0,0,17,0,1,748,429,46344.0
0,1,11,0,1,27,89,34176.0
0,0,26,0,1,843,1021,61010.0
0,0,21,2,0,681,1381,69372.0
0,1,15,0,1,512,306,49967.0
0,1,4,0,3,388,18,60199.0
0,0,9,0,1,441,162,55375.0
0,1,18,0,0,499,1231,80317.0
0,1,4,0,3,724,13,30523.0
0,0,27,0,0,965,1706,70356.0
0,0,11,0,1,245,121,23228.0
0,1,20,0,0,726,1293,74165.0
0,0,37,0,1,363,1608,157243.0
0,0,9,0,3,414,88,43482.0
0,1,18,1,0,409,421,62551.0
0,1,12,1,0,491,259,52332.0
0,1,15,0,0,689,1117,66951.0
0,0,9,0,2,310,89,26091.0
0,0,6,0,2,255,36,33456.0
0,0,7,0,1,537,57,28718.0
0,0,8,0,2,255,148,50447.0
0,0,8,0,2,336,93,53537.0
0,1,7,1,1,272,119,52074.0
0,0,28,0,1,753,1835,80427.0
0,0,25,2,0,746,1318,83837.0
0,0,7,0,2,223,45,38853.0
0,0,4,0,3,191,10,38285.0
0,0,25,1,0,719,978,78497.0
0,0,10,0,1,57,191,51650.0
0,0,9,0,1,88,57,16248.0
0,0,24,0,0,460,1033,66835.0
0,0,6,0,1,344,66,30477.0
1,0,6,0,0,200,43,28249.0
0,0,5,0,1,964,50,25271.0
0,1,7,0,1,151,39,32303.0
0,0,18,0,1,692,608,61286.0
0,0,24,0,0,653,1581,74068.0
0,0,7,0,2,677,68,45759.0
1,0,5,1,1,844,80,24882.0
0,0,28,0,0,594,1282,66973.0
0,1,6,0,1,462,65,36640.0
0,0,8,0,1,581,91,38872.0
0,0,16,0,2,682,315,51148.0
0,0,6,0,2,368,31,31353.0
0,0,23,0,0,233,834,69661.0
0,0,17,1,0,469,1600,80067.0
0,0,17,0,0,714,1270,86718.0
0,1,15,1,2,276,263,46854.0
0,1,19,1,1,186,535,69142.0
0,1,18,0,0,476,1295,75922.0
0,1,29,0,1,444,1150,63693.0
0,0,26,3,0,1055,1240,102160.0
0,1,6,0,2,533,38,40637.0
0,1,4,1,0,812,35,18890.0
0,0,5,1,1,507,53,29604.0
0,1,17,0,2,598,293,48721.0
0,0,6,0,1,148,65,44794.0
0,1,29,1,1,814,1804,64497.0
0,0,15,0,1,641,241,46097.0
0,0,20,0,0,289,1101,77972.0
0,0,19,0,2,966,264,44377.0
0,0,26,0,2,710,541,46014.0
0,0,17,0,0,636,1198,70951.0
0,0,20,0,1,362,482,41443.0
0,1,4,0,3,27,17,52195.0
0,0,25,2,0,412,1615,83790.0
0,1,12,0,1,488,285,44551.0
0,0,28,0,1,778,1135,69508.0
0,0,7,0,1,58,114,45204.0
0,0,16,0,0,413,1047,72460.0
0,0,22,0,2,262,714,77622.0
0,0,13,0,1,610,185,30732.0
0,1,32,0,1,875,1245,63887.0
0,0,12,0,1,646,189,42011.0
0,0,16,0,1,798,576,51369.0
0,1,18,0,1,841,1103,51537.0
0,0,17,0,0,876,1753,79930.0
0,0,4,0,1,319,17,34320.0
0,1,23,0,2,652,433,37070.0
0,1,14,1,1,610,1588,81975.0
0,0,4,0,1,596,22,38590.0
0,1,5,0,0,260,19,15033.0
0,0,29,0,1,649,1117,62745.0
0,0,8,0,1,476,69,22212.0
0,0,5,0,1,629,23,23661.0
0,1,19,0,1,631,605,79761.0
0,1,11,0,1,371,57,7500.0
0,1,4,0,1,229,22,60182.0
0,1,22,1,0,430,2088,73455.0
0,0,16,0,1,739,1009,64961.0
0,1,5,0,1,519,26,22804.0
0,0,22,1,0,399,1627,73687.0
0,0,31,0,1,867,1102,61074.0
0,0,6,0,2,240,17,31686.0
0,0,16,3,1,591,1690,80134.0
0,0,21,0,1,487,1390,75027.0
0,0,20,0,0,853,2126,67546.0
0,0,25,0,1,794,1531,65176.0
0,1,7,0,1,472,64,31160.0
0,1,6,0,1,431,26,29938.0
0,1,29,4,0,607,1112,102692.0
0,0,11,0,0,831,210,26490.0
0,0,26,0,2,855,1148,75702.0
0,1,6,0,1,810,33,30899.0
0,0,19,1,1,807,1101,63342.0
0,1,16,0,1,801,322,45989.0
0,1,10,0,2,635,44,18701.0
0,1,4,0,3,507,17,40737.0
0,1,6,1,1,813,31,15287.0
0,1,25,0,2,589,845,69674.0
0,0,15,0,1,198,275,44159.0
0,0,4,0,1,769,25,37717.0
0,0,17,0,2,670,275,43776.0
0,0,11,0,2,658,90,38179.0
0,0,19,1,0,189,1495,80124.0
0,0,11,1,2,808,184,38097.0
0,0,13,0,0,561,981,72940.0
0,0,8,0,1,631,67,22070.0
0,1,14,0,0,831,1635,69267.0
0,1,10,0,1,287,60,31788.0
0,0,12,0,1,274,231,61905.0
0,0,10,0,2,211,48,29315.0
0,1,9,0,2,578,99,33378.0
0,0,23,0,1,472,770,66313.0
0,1,23,0,0,714,957,60714.0
0,0,12,0,0,246,818,77882.0
0,1,17,1,0,696,925,69867.0
0,1,22,0,1,620,908,63841.0
1,0,10,0,1,425,102,24480.0
0,0,16,0,1,798,576,51369.0
0,0,13,0,0,853,317,37760.0
0,0,15,0,1,363,461,65640.0
0,0,7,0,2,259,37,44319.0
0,0,7,0,1,390,70,30631.0
0,0,23,0,0,702,930,75278.0
0,0,33,0,2,518,859,50898.0
0,1,22,0,0,27,1478,79946.0
0,1,16,0,0,567,390,35416.0
0,0,5,1,0,634,52,32414.0
0,0,10,0,1,370,137,38361.0
0,0,19,1,0,792,1919,82497.0
0,0,9,0,2,351,68,16626.0
0,0,4,0,2,394,25,29672.0
0,0,23,2,1,861,1374,55951.0
0,1,5,0,1,547,32,35388.0
0,0,7,0,1,718,100,42386.0
0,1,12,0,0,396,825,68627.0
0,1,28,1,1,290,916,57912.0
0,1,11,0,2,260,62,35246.0
0,0,21,0,1,387,728,58821.0
0,0,7,0,1,363,90,46377.0
0,1,13,0,1,263,273,39747.0
0,0,10,0,1,370,66,23976.0
0,0,23,1,0,644,1213,80950.0
0,1,7,0,0,835,107,27038.0
0,1,18,1,0,243,1157,77457.0
0,0,18,1,1,449,546,64100.0
0,0,11,0,0,614,241,42670.0
0,1,11,0,1,348,53,12571.0
0,0,7,0,3,430,37,22574.0
0,0,24,2,0,666,1611,51381.5
0,1,23,0,0,578,1508,70893.0
0,0,16,0,2,380,235,54198.0
0,0,7,0,2,59,32,28839.0
0,0,8,0,2,521,102,40321.0
0,1,15,0,1,870,401,66503.0
0,0,6,0,2,534,28,30833.0
0,1,21,2,3,496,1052,51381.5
0,0,21,0,1,714,680,64795.0
0,0,4,0,1,724,30,34421.0
0,1,4,0,2,121,20,47025.0
0,1,23,0,1,548,1307,64325.0
0,1,24,0,1,426,630,40464.0
0,0,18,0,0,604,1283,62187.0
0,1,9,0,1,693,65,14849.0
0,0,5,0,1,539,37,27255.0
0,0,5,0,3,483,38,54432.0
0,1,12,0,1,687,160,29999.0
0,1,4,0,1,625,23,24072.0
0,1,6,0,0,418,71,33996.0
0,0,19,0,1,668,1161,66334.0
0,0,5,1,1,457,59,35178.0
0,0,7,0,1,550,33,22010.0
0,1,22,0,2,753,946,62204.0
0,1,22,3,0,933,1442,75693.0
0,0,5,0,1,751,62,30675.0
0,0,22,1,0,669,1674,83003.0
0,0,15,1,0,462,1853,83532.0
0,1,21,0,0,815,1538,68655.0
0,1,8,0,0,538,139,41411.0
0,0,20,2,1,769,1182,55212.0
0,0,18,0,1,567,507,59292.0
1,0,4,1,1,504,18,27190.0
0,1,16,0,0,447,940,82623.0
0,0,6,0,2,557,42,44300.0
0,1,15,0,0,199,1190,84835.0
0,1,8,0,2,737,44,30372.0
0,0,4,1,1,306,16,33181.0
0,0,26,0,1,380,835,71113.0
0,0,22,2,1,457,1443,71952.0
0,1,18,0,0,430,1029,69759.0
0,0,18,0,0,796,1188,72099.0
0,1,24,0,1,740,1277,60000.0
0,1,7,0,2,398,49,38643.0
0,0,7,1,1,422,99,50737.0
0,0,15,0,0,750,1670,68462.0
0,0,14,0,0,499,900,65073.0
0,0,16,0,2,509,425,46681.0
0,0,22,1,0,825,2153,78618.0
0,1,21,0,1,285,636,62187.0
0,0,10,0,2,311,57,28442.0
0,0,4,0,1,769,25,37717.0
0,0,22,0,2,734,494,51479.0
0,1,19,0,1,863,693,54803.0
0,0,26,0,0,594,1348,79530.0
0,1,7,0,1,656,51,31615.0
0,0,16,0,0,775,1932,72025.0
0,1,16,0,1,1085,990,52614.0
0,0,5,0,1,254,30,35684.0
0,0,16,0,2,795,254,48178.0
0,1,5,1,1,490,29,29548.0
0,1,23,1,1,781,1371,63810.0
0,1,9,0,2,558,73,38578.0
0,1,11,0,2,866,120,46098.0
0,1,5,1,0,654,81,22585.0
0,1,5,0,1,732,37,30279.0
0,0,20,0,1,690,1377,66426.0
0,1,5,0,1,566,51,30822.0
0,0,4,0,2,518,17,33581.0
0,0,4,0,1,413,22,19986.0
0,1,14,0,0,750,324,27421.0
0,0,16,0,3,862,211,35688.0
0,1,4,0,1,277,19,36143.0
0,1,8,0,1,596,41,10245.0
0,0,17,1,1,442,492,43795.0
0,0,26,0,1,966,1005,63381.0
0,0,7,0,1,854,114,38823.0
0,1,19,0,2,514,1173,83664.0
0,0,19,1,0,306,1738,90300.0
0,0,12,0,1,476,222,62499.0
0,1,16,0,0,271,1127,74293.0
0,0,10,0,0,623,209,51012.0
0,0,23,0,1,310,787,70777.0
0,0,24,0,0,570,1598,68682.0
0,0,12,0,2,838,186,43824.0
0,0,6,0,1,853,47,15345.0
0,1,5,0,1,738,27,23442.0
0,0,11,0,1,842,96,14515.0
0,1,10,0,2,649,64,31395.0
0,0,23,0,0,826,1040,75276.0
0,1,13,0,2,504,163,42373.0
0,0,11,0,0,424,343,30507.0
0,1,24,1,3,436,446,55521.0
0,0,5,0,2,117,41,48006.0
0,1,9,0,1,854,70,27213.0
0,1,14,0,2,216,272,65808.0
0,0,6,0,1,574,46,30351.0
0,0,19,0,2,806,490,50437.0
0,1,8,0,1,775,79,23616.0
0,0,17,0,1,842,915,53858.0
0,0,35,1,1,642,1485,66465.0
0,1,16,0,1,862,369,46923.0
0,0,19,0,1,708,1073,75072.0
0,0,19,0,0,276,1242,75865.0
0,0,9,1,1,407,78,19789.0
0,0,21,4,0,321,1378,80134.0
0,1,26,2,0,678,1474,91065.0
0,0,29,0,2,608,751,49505.0
0,0,7,0,1,210,48,37401.0
0,0,6,0,1,224,45,30096.0
0,0,4,0,1,240,10,18492.0
0,0,16,2,0,635,1435,82584.0
0,0,22,1,0,628,2119,93027.0
0,0,4,0,3,629,20,48686.0
0,0,27,3,0,252,1795,92910.0
0,0,19,2,1,242,1188,75433.0
0,0,7,0,1,271,43,10404.0
0,0,24,0,1,616,1008,61314.0
0,1,16,4,0,483,1688,84865.0
0,0,21,0,1,794,684,42387.0
0,0,39,0,2,708,1082,67309.0
0,0,25,0,1,402,1068,75236.0
0,1,7,0,1,333,57,30015.0
0,0,5,0,1,559,46,50943.0
0,1,23,0,1,376,733,67272.0
0,1,17,0,1,541,467,51529.0
0,0,10,0,1,497,122,32011.0
0,0,7,0,1,548,36,7500.0
0,0,5,0,1,634,34,28691.0
0,0,10,0,1,377,156,56223.0
0,0,4,0,0,572,14,18100.0
0,1,5,0,1,732,37,30279.0
0,0,5,0,0,290,34,20130.0
0,1,4,0,0,537,20,23295.0
0,1,11,0,1,478,192,42618.0
0,1,17,2,0,368,1379,81246.0
0,0,7,0,1,482,48,24027.0
0,0,16,0,1,375,428,55707.0
0,1,27,0,1,695,868,57959.0
0,0,27,0,1,684,1001,56796.0
0,1,7,0,1,441,59,36230.0
0,0,16,0,2,719,431,70829.0
0,0,27,0,1,906,971,65991.0
0,0,19,0,3,864,348,38988.0
0,1,24,2,0,838,2059,89572.0
0,0,14,1,1,727,265,42207.0
0,0,13,0,1,221,270,50300.0
0,0,19,0,0,828,1289,66664.0
0,0,16,1,1,365,893,60597.0
0,1,22,0,0,466,926,70165.0
0,1,9,0,1,338,135,50520.0
0,0,19,1,0,189,1495,80124.0
0,0,9,0,1,311,120,33183.0
0,1,20,0,0,304,1288,66582.0
0,0,17,2,0,618,1743,75261.0
0,1,4,0,1,792,15,31880.0
0,0,20,0,2,212,542,53790.0
0,0,25,0,1,869,890,49269.0
0,0,33,0,1,645,1388,61456.0
0,0,4,0,1,448,17,37406.0
0,0,30,1,1,998,906,56937.0
0,0,6,0,2,699,44,38415.0
0,1,5,0,1,228,25,20518.0
0,0,26,0,1,682,973,62503.0
0,1,6,0,2,118,31,41644.0
0,0,17,0,1,223,518,55842.0
0,0,19,0,1,800,530,62010.0
0,0,21,0,1,792,506,41124.0
0,0,6,0,1,367,70,38961.0
0,1,6,0,1,419,54,37760.0
0,1,12,1,1,865,296,32233.0
0,0,15,0,1,428,266,43057.0
0,0,19,0,0,813,747,83151.0
0,1,29,0,0,839,895,78825.0
0,0,17,0,1,413,1053,65104.0
0,0,21,0,1,554,735,60093.0
0,0,5,0,1,340,20,14045.0
0,1,10,0,0,795,205,28457.0
0,0,21,0,1,829,2092,78952.0
0,1,14,0,1,1025,309,46310.0
0,0,22,1,0,678,1722,76005.0
0,1,15,0,1,396,900,58308.0
0,1,20,1,0,400,682,55614.0
0,1,22,0,1,628,663,59432.0
0,1,6,0,1,242,43,55563.0
0,0,18,0,1,620,1816,78642.0
0,0,27,0,1,224,976,67911.0
0,0,21,0,0,668,746,65275.0
0,0,6,0,2,937,64,27203.0
0,0,5,0,1,412,32,48330.0
1,0,9,0,0,733,263,24279.0
0,0,21,0,1,860,1445,64355.0
0,0,5,0,1,559,46,50943.0
0,1,28,0,0,904,1210,53653.0
0,0,24,0,1,688,945,65665.0
0,1,22,0,0,531,1157,81217.0
0,0,8,0,0,559,137,34935.0
0,1,25,0,1,746,730,61250.0
0,0,12,1,1,586,216,39665.0
0,1,23,0,1,644,943,60152.0
0,0,16,1,2,438,347,48920.0
0,0,19,1,0,290,1924,89120.0
0,0,17,0,1,422,397,44124.0
0,1,22,0,0,627,2089,81169.0
0,0,11,0,2,670,138,36443.0
0,1,5,0,1,550,42,26095.0
0,0,17,0,0,496,777,71367.0
0,0,20,2,0,363,1902,80184.0
0,1,7,0,2,339,52,30630.0
0,1,13,1,0,363,1651,73454.0
0,0,13,0,0,503,358,42691.0
0,0,16,2,0,823,1727,70503.0
0,0,10,0,1,875,210,25545.0
0,0,5,0,1,994,42,32880.0
0,0,20,0,0,400,1291,77863.0
0,0,15,0,0,148,442,50353.0
0,1,17,0,0,754,1895,61839.0
0,0,19,0,2,661,411,49154.0
0,1,19,0,1,685,521,47682.0
0,1,17,0,1,470,1168,72679.0
0,0,23,1,2,197,493,57954.0
0,0,12,0,2,617,260,65316.0
0,1,7,0,1,563,46,28567.0
0,0,16,0,1,423,319,47352.0
0,0,7,0,1,348,96,44931.0
0,1,16,1,0,320,1062,76982.0
0,0,12,0,1,511,232,57247.0
0,1,9,0,1,374,76,22944.0
0,0,9,0,1,539,54,25315.0
0,1,11,0,1,937,201,43638.0
0,1,14,0,1,764,406,42710.0
0,0,20,2,0,542,1919,84169.0
0,0,20,0,1,635,662,54058.0
0,0,8,0,1,151,41,24683.0
0,1,14,0,0,184,1600,85620.0
0,0,8,0,1,660,134,47850.0
0,0,10,1,2,340,69,19514.0
0,0,6,0,2,278,21,27159.0
0,1,7,0,2,276,54,39548.0
0,1,8,1,1,150,91,21474.0
0,1,18,0,1,183,526,60504.0
0,0,8,0,0,623,162,22419.0
0,0,25,0,0,569,1008,81698.0
0,0,16,0,2,753,240,43462.0
0,1,21,0,1,728,795,54880.0
0,0,19,1,0,607,1772,79908.0
0,0,8,0,0,664,64,15315.0
0,0,20,4,1,589,1957,87771.0
0,0,7,0,1,479,78,33039.0
0,1,19,0,0,564,1572,81741.0
0,0,26,0,1,555,795,71499.0
0,0,26,0,1,351,889,62466.0
0,1,15,0,1,600,331,48799.0
0,0,12,0,1,179,265,52157.0
0,1,19,0,1,964,1065,66565.0
0,0,4,0,2,541,11,29298.0
0,1,4,0,1,604,21,47691.0
0,0,4,0,2,903,17,38200.0
0,0,16,0,1,753,369,44989.0
0,0,6,0,2,339,38,38443.0
0,1,11,0,1,475,177,38593.0
0,0,12,0,1,723,279,64413.0
0,0,7,0,1,690,62,36959.0
0,0,21,3,1,700,1230,61996.0
0,0,11,0,2,362,182,51287.0
0,0,10,0,2,496,49,13260.0
0,0,8,0,2,472,75,47472.0
0,0,16,0,2,481,227,54603.0
0,0,15,1,2,812,215,45207.0
0,0,20,0,1,654,444,40689.0
0,0,5,0,2,438,47,47821.0
0,0,7,0,0,626,143,27450.0
0,0,7,0,1,303,55,39453.0
0,0,11,0,2,258,63,26850.0
0,1,22,3,0,830,1867,79800.0
0,0,20,0,1,474,611,61794.0
0,0,18,1,1,229,473,53863.0
0,0,6,0,0,499,55,24221.0
0,1,7,0,1,752,81,39684.0
0,0,21,2,0,750,2086,92163.0
0,1,20,0,0,447,1478,69882.0
0,0,5,0,1,336,49,33178.0
0,0,15,0,0,418,382,59973.0
0,0,9,0,1,469,69,17459.0
0,1,6,0,1,797,67,23910.0
0,0,6,0,2,439,30,42169.0
0,0,9,0,1,635,63,26224.0
0,0,10,0,1,867,79,31089.0
0,1,5,0,1,679,42,30081.0
0,0,23,0,1,853,819,62807.0
0,1,17,0,0,471,1151,72906.0
0,0,20,0,2,841,594,61467.0
0,0,11,0,2,705,129,49618.0
0,1,12,0,1,733,213,21888.0
0,1,7,0,1,60,67,42429.0
0,1,5,0,3,424,28,26150.0
1,0,6,0,1,797,45,30801.0
0,0,18,1,0,180,1193,81168.0
0,1,12,0,0,500,268,26877.0
0,1,12,0,0,532,266,45006.0
1,0,5,0,1,780,37,18978.0
0,0,7,0,3,430,37,22574.0
0,1,25,0,0,842,882,48240.0
0,0,18,0,2,524,373,45837.0
0,1,6,0,3,575,35,35791.0
0,0,1,0,2,666,107,162397.0
0,1,5,0,2,654,42,54162.0
0,0,17,0,1,867,326,30522.0
0,0,17,0,1,420,404,54456.0
0,1,6,0,0,536,95,31632.0
0,1,14,2,0,90,939,72298.0
0,1,5,0,1,369,33,36975.0
0,0,21,1,0,666,981,72635.0
0,0,7,0,1,711,36,13624.0
0,1,20,0,1,666,1237,84196.0
0,0,34,0,1,832,1825,70971.0
0,1,9,0,2,936,103,34487.0
0,1,12,0,1,744,191,28769.0
0,0,25,0,1,408,1586,69084.0
0,0,14,0,0,202,963,65488.0
0,0,26,0,1,351,889,62466.0
0,1,7,1,0,320,93,32218.0
0,1,21,0,0,623,1587,83917.0
0,1,4,0,3,90,16,46102.0
0,1,32,0,0,635,1375,84574.0
0,0,14,0,1,518,393,56181.0
0,1,26,0,1,825,1477,63120.0
0,0,18,1,1,569,1179,73691.0
0,0,26,0,1,966,1005,63381.0
0,0,21,0,0,233,1348,76140.0
0,1,23,0,1,732,1307,62859.0
0,1,15,1,1,545,486,45906.0
0,0,13,2,0,455,2252,77632.0
0,0,17,0,2,501,235,46463.0
0,0,30,2,0,710,1724,105471.0
0,1,11,0,1,384,235,55282.0
0,0,28,0,1,223,1092,78710.0
0,0,17,0,1,472,599,66886.0
0,1,19,1,0,318,2008,98777.0
0,0,6,0,1,857,48,29103.0
0,0,32,0,1,754,1174,67445.0
0,0,7,0,1,263,67,50616.0
0,1,15,0,1,1029,365,49431.0
0,1,0,0,0,183,6,153924.0
0,0,10,0,1,275,165,61278.0
0,0,11,0,0,831,210,26490.0
0,0,26,0,1,488,1095,73059.0
0,1,12,1,3,437,223,46734.0
0,0,22,0,1,903,597,56253.0
0,0,4,0,1,413,22,19986.0
0,1,24,0,1,372,1064,58330.0
1,0,6,0,0,906,74,25965.0
0,0,5,0,0,730,26,14661.0
0,0,5,0,0,734,60,18690.0
0,0,4,0,1,595,20,45068.0
1,1,7,0,1,463,59,21063.0
0,0,5,0,1,483,34,29187.0
0,0,12,0,2,539,198,54690.0
0,0,28,0,1,521,1048,59304.0
0,1,21,0,2,508,574,59247.0
0,1,17,0,1,753,1029,66731.0
0,0,20,0,1,381,670,77353.0
0,1,16,0,1,1085,990,52614.0
0,0,4,0,2,224,11,26751.0
0,0,21,1,1,793,1241,81300.0
0,1,17,0,0,334,576,70337.0
0,0,12,1,1,564,172,36145.0
0,1,20,0,0,374,664,65295.0
0,1,23,0,1,440,928,68118.0
0,1,30,0,0,854,2074,68743.0
0,0,15,0,0,525,467,41039.0
0,0,12,0,1,434,257,38946.0
0,0,17,0,0,378,1146,65777.0
0,1,20,0,1,547,689,66476.0
0,1,22,0,0,753,2114,86857.0
0,0,44,0,0,998,1717,160803.0
0,0,21,2,0,230,1346,77845.0
0,0,15,0,0,458,1044,69476.0
0,1,22,1,1,996,493,50611.0
0,1,13,0,0,494,957,61209.0
0,0,12,0,1,390,270,42315.0
1,0,5,0,0,689,29,13084.0
0,1,9,0,2,582,121,47570.0
0,0,8,0,2,524,126,61923.0
0,1,4,0,0,281,23,34824.0
0,1,8,0,2,515,57,26518.0
0,1,20,0,0,661,636,45938.0
0,0,28,1,0,119,1004,78468.0
0,1,20,0,1,471,734,78901.0
0,0,20,0,2,29,614,71427.0
0,1,21,1,1,60,1453,71022.0
0,1,15,3,0,247,1621,90247.0
0,1,12,0,1,371,187,41335.0
0,0,22,2,1,457,1443,71952.0
0,1,6,0,1,188,57,35682.0
0,1,20,0,1,454,637,43185.0
0,0,14,1,1,406,948,66375.0
0,0,5,1,1,457,59,35178.0
0,0,4,0,1,390,18,25252.0
0,1,26,0,1,802,903,55250.0
0,1,8,0,1,680,112,33249.0
0,0,20,0,0,597,596,58398.0
0,0,13,0,1,542,233,50272.0
0,0,11,0,0,903,1511,76618.0
0,1,17,1,0,830,1152,87305.0
0,0,7,0,1,425,48,25851.0
0,1,31,0,1,641,1185,58710.0
0,1,4,0,2,278,21,45160.0
0,0,16,0,1,743,965,74806.0
0,0,21,0,0,695,869,59111.0
0,0,6,0,1,223,16,18988.0
0,0,16,0,0,687,1947,72190.0
0,0,12,1,1,1089,71,7500.0
0,0,6,0,1,148,65,44794.0
0,0,24,1,0,404,1380,80395.0
0,1,23,0,0,341,1027,75012.0
0,0,21,0,3,417,411,56962.0
0,0,26,1,0,626,836,89891.0
0,1,4,0,2,461,11,35946.0
0,0,23,0,2,907,480,53593.0
0,0,23,0,2,391,606,66373.0
0,1,16,0,3,442,284,45072.0
0,1,14,3,2,478,1472,89694.0
0,0,26,3,0,247,1677,72025.0
0,0,19,0,1,643,1335,67432.0
0,0,13,0,1,301,334,70545.0
1,0,4,0,1,654,18,17487.0
0,0,20,0,1,845,1338,62882.0
0,1,30,0,1,649,1099,64108.0
0,0,8,0,2,577,97,34941.0
0,1,9,0,3,365,63,48767.0
0,0,9,0,1,723,109,38702.0
0,0,21,1,0,341,902,82224.0
0,0,20,1,0,392,1574,83844.0
0,0,9,0,1,476,38,17003.0
0,1,24,0,0,120,960,71163.0
0,1,4,1,1,473,28,33697.0
0,0,28,1,0,337,1215,63564.0
0,0,22,0,0,366,1497,83443.0
0,0,17,0,1,662,449,51518.0
0,1,24,0,1,372,1064,58330.0
0,0,25,3,0,672,1757,80952.0
0,0,21,0,0,330,1440,75507.0
0,0,24,0,0,486,1006,63855.0
0,0,23,0,1,784,1226,62220.0
0,0,20,0,1,469,1171,58512.0
0,0,8,0,1,657,92,40662.0
0,0,8,0,1,211,99,38829.0
0,0,8,0,1,662,66,35523.0
0,1,19,0,2,252,564,79146.0
0,0,21,0,0,430,1427,78285.0
0,1,6,1,1,453,86,31626.0
0,1,19,0,0,224,833,75127.0
0,0,12,0,1,614,242,48726.0
0,0,17,0,0,783,1869,74985.0
0,0,29,0,0,967,1364,67430.0
0,0,8,0,1,722,183,46891.0
0,0,18,0,1,585,450,62058.0
0,0,21,0,1,665,758,72063.0
0,0,20,0,0,385,1507,78939.0
0,1,25,0,2,617,654,42720.0
0,0,9,0,2,628,81,33622.0
0,0,1,0,1,872,137,6835.0
0,0,4,0,2,577,16,41452.0
0,1,8,0,1,489,93,40760.0
0,0,18,0,0,340,1158,74250.0
0,1,6,0,2,379,43,51124.0
0,1,22,0,1,388,1525,72258.0
0,1,19,0,0,242,1230,71466.0
0,0,6,0,2,262,29,36283.0
0,1,5,0,1,57,25,20587.0
0,0,4,0,1,288,24,30467.0
0,0,5,0,1,562,38,31590.0
1,0,7,0,1,794,57,20425.0
0,0,12,0,2,320,47,17144.0
0,1,24,1,1,699,813,42564.0
0,0,22,1,1,217,629,43783.0
0,1,17,0,1,875,377,40780.0
0,0,14,0,0,716,1612,62847.0
0,0,17,3,0,904,729,82017.0
0,1,6,1,0,531,50,16813.0
0,0,15,0,2,429,270,51267.0
0,1,9,0,1,607,177,46524.0
0,1,13,1,0,711,315,45183.0
0,0,23,0,1,187,767,70421.0
0,1,26,0,1,800,1071,60161.0
0,0,24,0,0,697,1580,73926.0
0,0,10,0,1,383,60,19329.0
0,0,21,0,1,384,573,61872.0
0,1,5,0,2,646,41,46984.0
0,0,10,0,2,712,170,34838.0
0,1,28,0,0,600,1167,82716.0
0,0,25,3,0,576,1526,48192.0
0,0,21,0,2,630,458,49681.0
0,0,6,0,1,284,63,56850.0
0,0,17,0,1,437,405,55267.0
0,0,20,1,2,650,1027,59666.0
0,1,22,0,1,576,1478,72504.0
0,0,5,0,0,442,72,26872.0
0,1,7,0,1,621,48,21359.0
0,1,16,0,0,215,726,73170.0
0,0,27,0,1,639,860,52750.0
0,0,22,0,0,404,1497,91820.0
0,0,18,0,1,27,495,65968.0
0,0,4,0,2,29,20,30772.0
0,1,19,0,0,768,570,22507.0
0,0,21,0,1,278,769,65685.0
0,0,7,0,1,722,55,25804.0
0,1,18,2,0,606,1808,76412.0
0,0,7,0,1,511,55,22063.0
0,1,18,1,0,200,577,57091.0
0,0,8,0,0,623,162,22419.0
0,0,20,4,1,589,1957,87771.0
0,1,24,0,1,625,1576,78353.0
0,0,17,2,3,545,1616,93404.0
0,1,6,0,3,396,36,37859.0
0,1,22,0,1,422,1482,80995.0
0,0,5,0,1,363,22,16529.0
0,1,6,0,2,405,63,55412.0
0,1,18,0,0,814,680,48789.0
0,0,20,0,2,606,542,56575.0
0,0,7,0,1,690,50,25130.0
0,0,6,0,2,686,39,35441.0
0,0,28,0,1,643,1043,71391.0
0,1,14,0,1,616,385,49494.0
0,1,27,0,0,830,1633,81702.0
0,1,5,0,1,693,46,45889.0
0,1,20,1,1,286,761,56628.0
0,0,9,0,2,603,76,34026.0
0,0,14,0,1,763,290,40049.0
0,1,11,0,1,27,89,34176.0
0,0,11,0,1,812,70,19419.0
0,0,17,0,0,523,1066,82504.0
0,0,19,3,0,353,2009,81205.0
0,1,19,0,0,824,1345,61618.0
0,1,23,0,1,738,764,55284.0
0,1,11,0,1,435,195,49980.0
0,0,11,0,2,453,53,15072.0
0,1,13,0,1,567,368,49166.0
0,0,20,0,1,61,544,65324.0
0,0,25,2,0,934,1853,82347.0
0,0,6,1,2,220,35,30843.0
0,0,18,2,1,290,446,46374.0
0,1,31,0,1,727,1180,60474.0
0,0,5,0,1,273,41,38576.0
0,0,22,0,2,681,727,55357.0
0,0,6,0,2,996,40,37758.0
0,0,26,1,0,606,1062,85710.0
0,0,7,0,1,340,40,23228.0
0,0,17,0,2,320,292,44602.0
0,0,4,0,0,487,15,7500.0
0,0,17,0,1,996,341,38683.0
0,1,13,0,1,380,369,49514.0
0,0,17,0,1,421,401,57906.0
0,1,17,0,1,646,393,43456.0
0,1,4,0,2,464,10,19485.0
0,0,16,0,1,575,486,53172.0
0,0,7,0,1,806,69,30545.0
0,0,17,2,0,460,1727,70123.0
0,1,16,1,1,214,995,62450.0
0,0,10,0,1,56,45,21675.0
0,1,12,0,2,272,182,42395.0
0,0,23,0,1,570,989,61346.0
0,0,18,3,0,471,1677,80812.0
0,1,23,0,2,550,595,42835.0
0,0,9,0,1,686,156,39922.0
0,1,28,0,0,242,1226,86424.0
0,0,11,0,1,714,128,17117.0
0,1,9,1,1,91,86,24762.0
0,0,7,0,1,807,68,35797.0
0,1,4,0,2,527,16,36627.0
0,0,7,0,2,196,55,51111.0
0,1,22,0,0,753,2114,86857.0
0,0,19,0,0,693,2018,82072.0
0,1,15,0,3,766,263,46231.0
0,0,7,0,2,415,55,42243.0
0,0,24,0,2,727,564,51195.0
0,1,20,0,0,381,1281,68092.0
0,0,7,1,1,486,83,31814.0
0,1,18,0,2,875,353,51390.0
0,0,25,0,0,352,1003,76630.0
1,1,4,0,1,246,14,26868.0
0,1,24,1,0,729,902,48948.0
0,1,25,0,1,750,1139,55260.0
0,0,20,0,1,542,797,64090.0
0,1,25,0,1,343,1638,78331.0
0,0,17,0,1,419,401,37087.0
0,1,11,0,1,436,84,21846.0
0,0,18,0,0,578,928,81320.0
0,1,11,0,1,503,203,54137.0
0,0,16,0,0,536,858,66825.0
0,0,13,0,0,629,409,57100.0
0,0,16,0,3,648,282,58917.0
0,1,18,0,0,119,1423,85072.0
0,1,18,1,0,406,1449,86429.0
0,1,4,0,1,688,28,45684.0
0,0,6,0,1,275,67,47889.0
0,0,10,0,0,90,199,45921.0
0,1,22,0,0,551,1453,78420.0
0,0,19,0,0,539,1253,75114.0
0,1,31,0,1,706,1198,52278.0
0,0,10,0,1,536,178,35641.0
0,1,18,1,0,1025,1990,95529.0
0,0,14,0,0,422,976,62820.0
0,0,15,0,0,371,1001,73113.0
0,0,20,2,0,542,1919,84169.0
0,1,14,0,1,410,350,42607.0
0,1,25,1,0,593,1650,74637.0
0,0,5,2,2,263,46,46015.0
0,1,19,0,0,624,1228,72354.0
0,1,7,0,1,707,95,39858.0
0,0,9,0,2,271,62,34469.0
0,0,26,1,1,228,1761,83033.0
0,0,16,0,0,853,467,24401.0
0,0,19,1,0,91,1149,77583.0
0,1,19,1,0,367,2052,74116.0
0,1,16,0,0,271,1127,74293.0
0,0,21,0,1,410,1416,68397.0
0,0,20,0,0,150,1113,79632.0
0,1,7,0,1,91,125,46107.0
0,1,25,1,1,754,966,64950.0
1,0,5,0,1,740,32,25443.0
0,1,19,0,0,224,833,75127.0
0,0,8,0,1,221,46,32892.0
0,0,17,0,0,434,960,71796.0
0,0,30,1,1,589,1829,67536.0
0,1,26,0,1,536,779,55239.0
0,1,23,0,1,480,811,60554.0
0,1,22,0,2,452,1120,64831.0
0,0,20,0,1,530,725,56067.0
0,1,12,1,0,583,1187,82025.0
0,0,18,3,0,638,2302,94384.0
1,1,9,0,0,740,66,14906.0
0,0,19,2,0,1087,1250,51563.0
0,0,20,0,1,319,683,57937.0
0,1,13,0,2,458,305,68274.0
0,0,6,0,1,568,50,39771.0
0,1,16,0,1,1087,995,67893.0
0,0,6,0,1,88,41,27922.0
0,0,9,1,2,149,77,52190.0
0,1,12,0,2,702,171,44051.0
0,1,7,0,2,422,131,42767.0
0,0,5,0,2,57,54,46106.0
0,0,12,0,2,456,53,16927.0
0,0,16,0,1,1085,475,59754.0
0,1,22,0,1,867,694,53700.0
0,0,8,0,2,180,96,59041.0
0,1,16,0,1,614,361,54237.0
0,1,26,0,1,832,1079,70647.0
0,1,20,0,1,180,578,52597.0
0,0,7,0,1,732,64,41021.0
0,0,13,0,1,444,149,40233.0
0,0,17,0,2,190,231,50183.0
0,0,21,0,1,388,728,54753.0
0,0,23,2,0,500,1778,92955.0
0,0,10,0,1,752,93,33471.0
0,0,4,0,1,628,23,34596.0
0,0,24,0,1,810,662,44010.0
0,0,18,0,0,333,1198,84219.0
0,0,11,0,3,714,81,40706.0
0,0,10,0,1,751,92,15716.0
0,1,18,0,1,410,491,59052.0
0,0,24,0,0,809,1564,80573.0
0,0,24,0,0,305,926,83715.0
0,0,19,1,0,1089,1910,82576.0
0,0,21,0,3,417,411,56962.0
0,0,9,0,2,306,94,35704.0
0,0,28,1,1,388,1085,53103.0
0,1,4,0,2,390,23,46779.0
0,1,0,0,0,193,6,4861.0
0,1,6,0,1,542,54,33462.0
0,1,29,0,1,444,1150,63693.0
0,0,23,2,0,504,1415,80763.0
0,0,16,0,1,498,405,65352.0
0,0,19,0,0,402,1908,82170.0
0,0,26,3,0,433,2486,75759.0
0,1,27,0,0,392,1315,79689.0
0,1,7,0,2,186,45,35340.0
0,1,17,4,0,286,1789,85683.0
0,0,4,0,1,763,19,24884.0
0,0,22,1,1,853,573,42021.0
0,1,24,0,1,317,805,64449.0
0,1,8,0,2,193,108,64587.0
0,1,4,0,0,281,23,34824.0
0,0,23,1,0,477,1493,75437.0
0,0,9,0,2,310,89,26091.0
0,0,25,1,1,506,936,52845.0
0,1,16,0,1,661,343,46086.0
0,1,20,2,1,814,528,78028.0
0,1,12,2,0,478,1901,95169.0
0,0,22,2,2,645,724,56337.0
0,0,7,0,1,687,58,22434.0
0,0,16,0,1,594,297,36930.0
0,1,21,1,1,698,488,36130.0
0,0,23,0,1,965,859,65569.0
0,0,20,1,0,392,1574,83844.0
0,0,10,1,2,340,69,19514.0
0,1,4,0,2,453,17,36736.0
0,0,21,3,1,859,2194,77568.0
0,0,8,0,1,61,116,49187.0
0,1,18,0,1,547,279,30168.0
0,0,7,0,1,814,103,34053.0
0,0,9,0,2,258,44,38196.0
0,0,15,0,0,257,406,59412.0
0,0,20,1,0,181,1363,70924.0
0,0,11,0,0,583,236,54165.0
0,0,5,0,1,671,39,32300.0
0,1,8,0,0,680,137,20180.0
0,0,10,0,1,196,79,34961.0
0,0,6,0,1,543,63,28440.0
0,0,25,0,3,638,1314,64504.0
0,0,6,0,1,191,71,33564.0
0,0,7,0,1,1026,58,17345.0
0,0,21,0,1,515,702,56320.0
0,1,7,1,1,498,94,28647.0
1,1,7,0,1,702,80,15038.0
0,1,5,0,1,723,22,32173.0
0,0,32,0,1,995,1211,68316.0
0,0,22,1,0,551,1461,74538.0
0,1,20,0,0,714,1968,91700.0
0,0,16,0,0,190,1091,68695.0
0,0,5,0,1,709,55,31056.0
0,0,19,1,0,27,1366,79593.0
0,1,13,0,0,855,313,28071.0
0,0,11,0,2,309,62,37334.0
0,1,9,0,2,470,92,46423.0
0,0,6,1,1,277,72,37126.0
0,0,21,0,1,582,655,47703.0
0,0,18,1,1,253,704,61180.0
0,0,8,0,2,1026,54,38998.0
0,1,16,0,0,835,178,8028.0
0,0,14,1,0,223,1033,76081.0
0,0,5,0,1,520,36,34728.0
0,1,10,0,1,810,122,33168.0
0,0,7,0,1,463,122,33585.0
0,0,27,0,1,445,1123,77037.0
0,0,18,0,1,779,497,35196.0
0,0,25,1,1,604,691,44529.0
0,0,20,1,0,181,1363,70924.0
0,0,4,1,2,240,12,28764.0
0,0,25,0,0,684,2440,69098.0
0,1,7,0,2,686,56,25959.0
0,0,5,0,1,607,37,27100.0
0,1,21,0,0,966,968,70596.0
0,0,15,0,1,855,270,42557.0
0,0,12,0,0,480,278,53312.0
0,1,22,0,0,765,1250,72228.0
0,0,17,0,0,641,938,67605.0
0,0,28,1,2,1087,1178,62845.0
0,0,26,1,2,525,1155,65196.0
0,1,20,0,0,457,653,42000.0
0,1,6,1,2,227,49,35860.0
0,0,17,0,1,58,506,65526.0
0,0,8,0,2,753,38,16860.0
0,1,23,2,0,361,1650,83528.0
0,1,33,0,1,1029,1826,64176.0
0,1,4,0,0,998,18,22304.0
0,0,24,0,0,273,906,67023.0
0,0,8,0,1,221,46,32892.0
0,0,25,0,1,1025,1477,70713.0
0,0,23,0,1,762,766,59925.0
0,0,7,0,1,311,47,39722.0
0,0,14,0,0,532,467,46610.0
0,0,21,1,0,665,2116,88347.0
0,0,25,2,0,726,1298,87171.0
0,0,6,0,2,499,22,26907.0
0,1,15,0,1,344,396,50014.0
0,0,4,0,1,619,20,41014.0
0,1,13,0,0,290,967,66294.0
0,0,19,0,1,775,357,36715.0
0,0,16,0,0,862,1401,79456.0
0,0,4,0,1,502,15,40479.0
0,1,20,1,0,698,2087,75345.0
0,0,26,0,1,639,981,54233.0
0,1,6,0,2,387,17,24163.0
0,0,22,4,0,640,523,84460.0
0,0,4,0,1,302,23,43776.0
0,1,17,0,0,290,1192,71691.0
0,0,20,1,0,217,1958,85844.0
0,1,9,0,1,250,133,39190.0
0,0,17,0,0,496,777,71367.0
0,1,9,0,2,558,73,38578.0
0,0,10,0,2,29,121,57236.0
0,1,15,0,1,542,424,61825.0
0,1,13,0,1,329,868,79803.0
0,1,15,0,0,792,756,80910.0
0,0,4,0,1,618,12,27590.0
0,0,25,0,1,699,937,56775.0
0,1,17,3,0,509,1862,83829.0
0,0,14,0,1,591,367,54210.0
0,0,20,0,1,692,443,38508.0
0,0,13,0,1,432,267,53187.0
0,0,6,0,1,283,61,30023.0
0,1,21,1,0,412,1323,76045.0
0,0,6,0,1,196,63,50870.0
0,0,8,0,0,664,64,15315.0
0,0,19,1,1,336,562,65463.0
0,0,19,0,2,215,312,66480.0
0,1,16,0,0,675,1156,76773.0
0,1,16,1,0,728,1104,81698.0
0,1,4,0,2,121,16,54466.0
0,1,19,1,0,318,2008,98777.0
0,1,9,0,1,489,44,16269.0
0,0,14,2,1,491,1574,71819.0
0,0,5,1,1,442,63,33569.0
0,0,12,1,0,468,426,36262.0
1,0,6,0,0,715,96,22634.0
0,0,23,0,1,388,635,47025.0
0,1,22,0,1,570,757,70566.0
0,0,9,0,1,770,125,31605.0
0,1,16,0,2,594,332,52034.0
0,1,8,0,1,373,135,48526.0
0,0,14,0,1,774,330,46734.0
0,1,20,0,2,744,384,39552.0
0,1,18,0,2,876,1722,86358.0
0,0,7,0,3,252,78,46931.0
1,1,4,0,0,396,24,16581.0
0,1,25,0,0,377,1168,63998.0
0,0,17,1,1,716,957,67381.0
0,1,4,0,2,448,15,25930.0
0,0,5,0,1,179,57,42693.0
0,0,24,1,1,751,1956,85606.0
0,1,21,3,0,429,2013,72903.0
0,0,14,0,1,222,326,49669.0
0,0,9,0,2,968,77,36778.0
0,1,20,0,0,667,1313,85696.0
0,1,8,0,0,224,30,10979.0
0,0,14,0,1,698,315,49678.0
0,0,22,0,1,560,660,56129.0
0,0,7,0,1,700,74,37155.0
0,1,7,0,1,57,46,21282.0
0,1,8,0,1,502,86,33419.0
0,1,25,0,0,600,1103,63285.0
0,0,11,0,1,345,61,21255.0
0,0,9,1,1,408,145,42162.0
0,0,31,0,2,839,684,54450.0
0,0,16,0,1,386,411,57744.0
0,1,4,1,1,810,27,26576.0
0,1,27,0,0,573,1060,57513.0
0,0,24,0,1,855,1459,68142.0
0,0,4,0,1,855,18,7500.0
0,0,26,1,0,831,1833,83145.0
0,0,12,0,1,303,237,54197.0
0,1,10,0,2,218,48,23091.0
0,0,26,0,2,529,515,46049.0
0,0,15,0,0,964,1020,56715.0
0,0,11,0,0,217,1370,79410.0
0,0,25,0,1,424,1026,57304.0
0,0,12,0,1,284,301,44375.0
0,0,31,0,2,839,684,54450.0
0,0,17,1,1,803,499,59594.0
0,0,21,0,0,862,1004,80685.0
0,0,12,0,1,445,218,40344.0
0,0,22,0,1,588,606,62710.0
0,0,6,0,1,604,75,48985.0
0,0,9,0,3,862,106,35322.0
0,0,17,0,0,582,990,77142.0
0,1,16,0,0,344,1097,81657.0
1,0,4,1,0,318,16,14421.0
0,0,5,0,0,290,34,20130.0
0,0,16,0,0,858,1711,74214.0
0,0,17,1,2,31,438,66726.0
1,0,7,0,1,518,75,23724.0
0,0,13,0,1,414,225,47353.0
0,0,4,0,2,1026,18,33444.0
0,0,17,0,1,594,470,54386.0
0,1,9,0,2,628,91,28510.0
0,1,18,1,0,322,2525,90638.0
0,0,19,0,1,718,504,48070.0
0,0,11,0,1,610,235,43140.0
0,1,21,1,1,712,1232,54959.0
1,1,12,0,2,667,88,15056.0
0,1,4,0,1,149,17,26954.0
0,1,5,0,1,692,24,22327.0
0,0,7,0,2,497,60,44393.0
0,1,26,1,1,494,1020,62000.0
0,0,10,0,1,933,155,31497.0
0,0,5,0,2,308,51,45894.0
0,1,16,0,0,740,1812,78579.0
0,1,25,2,1,775,1461,67369.0
0,1,6,0,1,256,96,58401.0
0,1,9,0,1,318,160,62307.0
0,0,10,0,2,619,139,43641.0
0,1,22,0,1,620,908,63841.0
0,0,8,0,1,722,183,46891.0
0,0,19,1,1,641,1161,70091.0
0,0,14,0,0,242,988,78075.0
0,1,27,0,1,844,1072,59184.0
0,0,12,0,2,418,174,54809.0
0,0,22,0,1,706,758,58113.0
0,0,11,0,1,366,195,51412.0
0,1,6,1,1,813,31,15287.0
0,0,17,0,0,502,1084,66636.0
0,0,22,1,1,680,685,50965.0
0,0,26,1,0,405,1672,84618.0
0,0,6,0,0,429,43,18351.0
0,0,5,1,2,319,49,40451.0
0,0,9,0,1,589,133,36317.0
0,0,15,1,1,387,363,42213.0
0,0,18,0,1,626,545,65748.0
0,0,31,1,1,431,1065,77044.0
0,0,21,1,0,394,2047,74918.0
0,0,15,0,2,792,296,56721.0
0,1,11,0,2,552,140,42160.0
0,1,17,0,1,533,530,61559.0
0,0,13,0,2,876,152,33629.0
0,0,24,0,0,570,1598,68682.0
0,1,8,0,1,712,114,34377.0
1,1,10,0,1,862,101,8940.0
0,0,4,0,1,466,25,26228.0
0,1,22,1,0,705,789,77297.0
0,0,7,1,2,520,87,40211.0
0,1,11,0,2,466,90,33438.0
0,0,20,0,1,613,1215,75032.0
0,1,22,1,0,387,811,61284.0
0,0,7,1,1,801,61,22518.0
0,0,18,0,1,504,405,54730.0
0,0,9,0,2,277,72,38452.0
0,1,14,0,2,685,189,44421.0
0,0,5,0,1,551,40,38197.0
0,1,10,0,1,121,63,41986.0
0,0,7,0,1,651,52,28427.0
0,0,5,0,1,330,39,37395.0
0,0,25,0,1,220,805,64722.0
0,0,8,0,1,259,130,55249.0
0,0,24,3,0,631,1631,84906.0
0,0,5,0,1,634,34,28691.0
0,1,12,0,2,398,152,44213.0
1,1,5,0,1,348,21,25707.0
0,0,7,0,3,662,71,59062.0
0,1,23,1,1,222,899,76624.0
0,0,10,0,0,256,711,66000.0
0,0,16,0,1,998,351,27683.0
0,1,15,0,0,228,8,1730.0
1,1,11,0,1,1025,119,7500.0
0,0,4,0,2,607,21,40521.0
0,0,4,0,1,283,10,20427.0
0,0,27,1,1,222,973,65106.0
0,0,13,2,0,492,1536,69969.0
0,0,28,1,2,534,992,67433.0
0,0,34,1,1,678,1529,77766.0
0,0,17,0,1,388,860,74716.0
0,1,23,0,1,440,928,68118.0
0,0,18,0,2,885,418,55158.0
0,0,16,0,1,1029,587,62972.0
0,0,19,0,1,27,641,74190.0
0,0,4,1,2,288,23,39356.0
0,0,23,2,0,503,2279,76653.0
0,1,6,1,2,227,49,35860.0
0,1,17,1,0,589,1779,90687.0
0,0,27,2,0,599,1804,73450.0
0,0,8,0,2,573,48,31454.0
0,1,7,0,2,212,83,47139.0
0,1,17,3,0,509,1862,83829.0
0,0,29,0,2,829,793,53378.0
0,0,9,0,1,517,84,19656.0
0,0,10,0,1,499,183,45579.0
0,1,19,0,0,194,1383,85485.0
0,0,16,1,0,181,999,55956.0
0,1,24,0,1,709,825,64191.0
0,1,14,1,1,858,246,38808.0
0,0,25,0,2,653,610,57183.0
0,1,9,0,1,771,76,23748.0
0,0,22,1,1,674,1286,66303.0
0,0,4,1,1,381,30,37368.0
0,0,8,0,3,730,99,40800.0
0,1,22,1,0,832,1192,71847.0
0,0,18,0,1,398,362,46149.0
0,0,19,1,0,845,2130,78687.0
0,1,28,2,0,866,1229,49118.0
0,0,6,0,2,833,38,37633.0
0,0,17,0,0,529,485,39767.0
1,0,13,0,0,965,434,26997.0
0,1,5,0,1,658,44,33986.0
0,0,18,1,1,769,496,57091.0
0,0,7,0,2,513,78,46831.0
0,0,23,3,0,456,2346,83151.0
0,0,21,0,0,732,794,52531.0
0,0,4,0,0,602,17,15759.0
0,1,5,0,1,519,26,22804.0
0,0,8,0,1,289,76,43050.0
0,1,4,0,2,538,15,42997.0
0,1,7,0,2,28,62,48918.0
0,0,10,0,1,278,198,60033.0
0,0,5,0,1,433,49,34043.0
0,0,25,1,1,556,802,57811.0
0,0,15,1,0,316,1736,78569.0
0,1,10,0,2,735,57,7500.0
0,0,2,0,1,635,59,157733.0
0,0,18,3,0,638,2302,94384.0
0,0,6,0,0,317,37,23148.0
0,1,16,0,2,675,310,44267.0
0,0,19,1,0,1086,1305,71626.0
0,0,26,0,1,552,832,60894.0
0,0,19,0,2,668,401,50200.0
0,0,23,2,0,223,1501,81051.0
0,0,28,4,0,352,1189,65169.0
0,0,32,0,1,528,1194,59868.0
0,0,21,0,1,335,656,65695.0
0,1,23,0,0,769,1540,64857.0
0,0,15,0,1,493,311,45143.0
0,0,26,0,1,569,820,74805.0
0,0,14,0,1,61,274,59060.0
0,1,9,0,2,621,57,27238.0
0,0,17,0,1,721,448,47009.0
0,0,5,0,2,87,44,46094.0
0,0,8,0,2,521,102,40321.0
0,0,5,0,1,364,61,37235.0
0,0,27,0,0,619,1643,81843.0
0,0,15,0,1,574,397,46692.0
0,0,26,1,1,184,1121,77382.0
0,1,16,1,2,1028,473,37774.0
1,0,8,0,1,278,50,18393.0
0,0,28,0,1,686,1678,72828.0
0,0,7,0,0,258,58,24711.0
0,0,9,0,1,463,170,45503.0
0,1,2,0,0,385,373,6560.0
0,0,17,1,0,410,1196,71604.0
0,0,8,0,1,182,101,27244.0
0,0,17,0,2,750,316,48752.0
0,0,21,2,1,470,1400,71434.0
0,1,27,0,0,521,1424,90842.0
0,0,20,3,1,866,844,88097.0
0,0,13,0,1,471,311,51948.0
0,0,17,0,0,514,1149,71853.0
0,0,8,0,0,256,129,35876.0
0,1,5,0,1,442,32,40049.0
0,1,14,0,1,876,299,39660.0
0,0,13,1,1,217,320,50127.0
0,0,16,0,1,771,441,43263.0
0,0,28,1,2,1087,1178,62845.0
0,0,6,0,0,684,85,18929.0
1,1,4,0,1,652,24,24367.0
0,1,8,0,1,680,112,33249.0
0,0,5,0,1,456,30,26887.0
0,0,16,0,0,560,410,50150.0
0,0,24,1,1,488,800,62061.0
0,1,20,0,0,667,1313,85696.0
0,0,23,0,0,642,1483,76542.0
0,1,17,0,0,437,1258,70515.0
0,0,4,0,1,873,28,18227.0
0,0,11,0,1,339,227,69139.0
0,0,20,1,0,842,1555,69109.0
0,1,23,0,1,655,861,69627.0
0,0,8,1,1,619,103,38136.0
0,1,19,0,0,248,634,62159.0
0,1,19,0,0,368,1918,80695.0
0,1,10,0,2,631,131,33316.0
0,0,22,0,2,827,586,58554.0
1,0,7,1,1,404,62,17256.0
0,1,22,0,2,581,447,53034.0
0,0,27,0,0,884,939,52203.0
0,1,15,1,1,525,797,59601.0
0,1,16,0,1,997,1143,75154.0
0,1,17,0,1,539,415,47025.0
0,0,5,0,1,402,30,37971.0
0,1,12,0,1,371,187,41335.0
0,0,11,0,1,233,251,67267.0
0,1,12,0,1,247,237,57338.0
0,0,8,0,2,372,91,50523.0
0,1,6,0,3,575,35,35791.0
0,1,22,1,1,996,493,50611.0
0,0,28,0,1,669,971,56242.0
0,1,17,0,1,1054,371,48904.0
0,1,20,0,3,367,396,56243.0
0,0,7,1,1,499,68,21355.0
0,0,15,1,1,555,322,57420.0
0,0,14,0,1,727,317,51381.5
0,1,10,0,1,241,222,46390.0
0,0,12,0,2,665,177,54342.0
0,0,5,0,2,1028,45,51381.5
0,1,4,0,2,31,21,51381.5
0,0,6,0,1,935,45,20895.0
0,0,20,2,0,351,1899,92344.0
0,0,5,0,1,332,42,51381.5
0,0,6,0,2,499,22,26907.0
0,0,5,0,2,746,41,44964.0
0,0,21,0,0,330,1440,75507.0
0,0,17,0,2,417,325,53761.0
0,0,10,0,1,662,95,22682.0
0,0,5,0,1,332,42,38887.0
0,1,6,0,2,842,72,41658.0
0,0,7,0,1,231,20,29791.0
0,0,23,0,2,520,789,63915.0
0,1,4,0,2,224,15,39996.0
0,1,8,0,1,183,59,26759.0
0,1,22,0,1,620,908,63841.0
0,0,14,0,2,811,417,51039.0
0,0,15,0,2,859,289,60544.0
0,0,21,0,1,278,769,65685.0
0,0,10,0,1,255,188,37716.0
0,1,14,0,1,871,354,36864.0
0,0,26,0,1,752,727,44511.0
0,0,11,0,2,907,146,36947.0
0,0,16,0,1,423,319,47352.0
0,0,22,0,1,380,794,67087.0
0,0,18,0,1,875,454,57045.0
0,1,11,0,2,936,152,36957.0
0,0,22,0,1,825,797,69389.0
0,0,16,3,1,591,1690,80134.0
0,0,4,0,2,317,20,43142.0
0,0,21,1,0,344,1428,80589.0
0,1,11,0,1,687,209,34412.0
0,1,19,0,1,452,545,57537.0
1,0,6,0,0,715,96,22634.0
0,0,10,0,0,312,222,51315.0
0,0,7,0,3,291,61,36026.0
0,0,9,0,2,338,44,24639.0
0,0,4,0,3,58,8,34578.0
0,1,23,0,0,445,817,65704.0
0,1,23,1,1,781,1371,63810.0
0,0,5,0,1,319,42,54132.0
0,0,5,0,0,734,60,18690.0
0,0,9,0,1,636,78,28164.0
0,0,4,0,1,628,23,34596.0
0,0,4,0,1,472,19,43269.0
0,1,7,0,2,277,61,38741.0
0,1,14,0,0,638,449,31907.0
0,0,5,0,1,607,37,27100.0
0,1,5,0,1,322,38,31163.0
0,0,23,2,0,378,1131,92533.0
0,1,7,0,2,374,34,34853.0
0,1,17,0,2,428,294,70844.0
0,0,6,1,2,636,48,31086.0
0,0,15,0,2,859,289,60544.0
0,0,4,0,0,706,30,20491.0
0,0,7,0,0,253,125,42523.0
0,0,9,0,1,686,156,39922.0
0,0,9,0,2,532,70,33402.0
0,0,4,0,2,467,22,36408.0
0,0,9,0,1,1028,65,21645.0
0,1,23,1,0,799,1930,78427.0
0,0,23,2,0,461,2283,82657.0
0,0,13,0,0,443,310,51876.0
0,0,18,0,0,746,1319,78041.0
0,0,26,1,1,1085,879,52852.0
0,0,17,0,0,433,1244,70038.0
0,0,17,0,1,284,690,69401.0
0,0,12,0,1,683,209,46053.0
0,0,17,0,0,117,1134,77343.0
0,1,23,0,0,414,1507,73892.0
0,1,6,0,1,458,57,40304.0
0,0,17,0,0,856,529,32727.0
0,0,16,0,0,190,1091,68695.0
0,1,11,0,1,810,180,43300.0
0,0,10,0,2,396,77,26290.0
0,1,25,3,0,30,2349,93790.0
0,0,18,0,0,839,534,38410.0
0,1,21,1,1,340,556,64866.0
0,0,25,0,1,500,637,57957.0
0,0,5,2,2,263,46,46015.0
0,0,9,0,1,197,44,16531.0
0,0,5,0,1,512,47,28072.0
0,1,22,0,1,560,795,49476.0
0,0,21,0,1,687,586,50725.0
0,0,20,1,0,392,1574,83844.0
0,0,4,0,2,152,13,41145.0
0,0,25,0,1,715,1471,67419.0
0,0,8,0,2,376,65,23162.0
0,0,12,0,1,695,175,34380.0
0,1,5,0,1,614,40,34704.0
0,0,18,2,2,1088,1078,94871.0
0,0,21,0,1,776,1115,65148.0
0,0,9,0,1,395,134,39898.0
0,1,23,0,0,769,1540,64857.0
0,0,7,0,1,689,87,59892.0
0,1,10,0,0,430,217,41020.0
0,0,27,1,1,342,1034,57072.0
0,1,31,0,1,727,1180,60474.0
0,0,23,0,1,853,819,62807.0
0,0,5,0,1,442,32,19414.0
0,0,6,0,1,497,46,19107.0
0,0,18,0,1,1058,1159,75484.0
0,1,25,0,1,669,860,70379.0
0,0,15,0,0,193,1631,79419.0
0,0,22,1,3,87,444,64014.0
0,0,29,1,1,426,1910,76998.0
0,0,18,0,1,447,380,49854.0
0,0,30,0,2,556,736,60585.0
0,1,15,0,2,710,269,42873.0
0,0,29,3,0,523,2524,87679.0
0,0,25,0,1,721,612,57867.0
0,0,8,0,1,415,75,35765.0
0,0,26,0,0,340,1045,65492.0
0,1,6,0,1,719,55,32952.0
0,0,21,1,1,868,1064,53374.0
0,0,25,0,1,779,1443,71706.0
0,0,30,0,0,718,1366,68487.0
0,0,19,0,2,425,436,53253.0
0,1,5,0,1,322,38,31163.0
0,0,20,0,1,867,436,42014.0
0,0,32,0,2,965,747,54108.0
0,1,22,1,0,864,1396,49667.0
0,0,14,1,0,287,928,63206.0
0,0,26,0,2,481,642,57136.0
0,0,30,1,1,904,1048,46772.0
0,0,24,0,0,433,943,78931.0
0,0,27,0,1,513,907,53977.0
0,0,18,0,0,333,1198,84219.0
0,1,11,0,2,866,120,46098.0
0,0,26,0,1,767,1658,73538.0
0,0,22,0,0,249,1638,79529.0
0,0,7,0,0,611,73,20981.0
0,1,12,0,1,59,275,51766.0
0,0,26,0,1,764,854,55759.0
0,0,7,0,1,479,78,33039.0
0,0,7,0,1,468,106,37787.0
0,1,7,0,1,781,106,27242.0
0,1,19,0,0,666,1923,87188.0
0,0,22,0,0,585,1662,69930.0
0,1,7,0,1,183,84,37697.0
0,0,7,0,1,210,48,37401.0
0,1,0,0,1,628,5,3502.0
0,0,32,0,2,772,733,58597.0
0,1,17,0,0,242,1234,82032.0
0,0,9,0,2,780,112,28087.0
0,1,15,2,0,311,1658,74004.0
0,0,7,0,1,648,55,19740.0
0,0,26,1,1,780,1513,57036.0
0,0,17,1,2,596,271,53083.0
0,0,27,0,1,201,904,69283.0
0,1,11,0,2,866,120,46098.0
0,0,8,0,1,997,103,23331.0
0,1,17,0,1,966,269,23331.0
0,1,5,0,1,377,22,9255.0
0,1,16,0,0,538,1156,67786.0
0,0,19,1,1,807,1086,71969.0
0,1,28,0,1,396,1128,59235.0
0,0,9,0,1,279,72,31928.0
0,0,27,0,2,516,964,74881.0
0,0,20,0,0,763,1383,65819.0
0,1,4,0,3,585,18,51411.0
0,1,24,0,1,853,793,51983.0
0,0,7,0,1,718,100,42386.0
0,0,6,0,0,691,80,30390.0
0,1,8,0,0,842,167,30983.0
0,1,20,0,1,711,677,66033.0
0,0,4,0,2,643,23,37284.0
0,1,7,0,1,387,92,57530.0
0,0,16,0,0,151,641,76800.0
0,0,17,0,1,1057,1106,63943.0
0,0,14,1,0,223,1033,76081.0
0,0,32,0,1,754,1174,67445.0
0,0,6,0,2,473,25,37054.0
0,0,17,1,2,795,240,47175.0
0,1,4,0,1,566,20,31859.0
0,1,11,0,3,708,102,27215.0
0,1,26,0,1,529,1034,70179.0
0,0,9,0,1,686,156,39922.0
0,0,21,0,2,630,458,49681.0
0,0,4,0,1,1086,17,24645.0
0,1,21,0,1,197,792,79865.0
0,0,8,0,1,199,92,44322.0
0,1,16,0,1,712,407,47958.0
0,1,23,1,1,1054,1269,63972.0
0,0,23,0,1,261,841,75315.0
0,0,23,0,2,826,633,55517.0
0,0,25,0,3,645,1019,75283.0
0,1,26,2,0,768,1315,82800.0
0,0,8,0,2,1026,54,38998.0
0,1,18,1,0,322,2525,90638.0
0,0,5,0,1,430,52,27161.0
0,0,20,0,1,867,436,42014.0
0,0,15,0,1,643,268,38201.0
0,0,8,0,2,284,147,45203.0
0,0,18,2,0,248,1798,81574.0
0,0,8,0,0,559,137,34935.0
0,1,17,0,1,708,507,60482.0
0,0,4,0,3,343,15,34633.0
0,0,17,0,0,415,1105,78093.0
0,1,15,0,0,688,974,82460.0
0,0,8,0,1,253,66,45903.0
0,1,27,0,0,310,778,81361.0
0,1,6,1,2,227,49,35860.0
0,0,12,0,2,865,169,40442.0
0,0,12,0,0,188,299,61482.0
0,0,17,0,1,454,221,34968.0
0,0,25,1,0,373,1682,75794.0
0,0,10,0,1,933,155,31497.0
0,0,13,0,0,686,892,74268.0
1,0,5,1,1,853,58,13724.0
0,0,15,0,1,493,311,45143.0
0,1,7,0,1,242,95,52569.0
0,1,19,0,1,805,424,48432.0
0,0,12,0,2,320,47,17144.0
0,1,15,1,1,443,339,36108.0
0,0,21,0,1,825,1410,76445.0
0,0,6,0,1,251,35,36663.0
0,0,20,0,1,553,562,53843.0
0,0,24,1,0,827,2352,90226.0
0,1,20,1,0,725,1334,70638.0
0,0,6,0,2,489,32,44512.0
0,0,7,0,2,332,41,27116.0
0,0,5,0,2,523,39,54072.0
0,0,25,0,1,715,1141,71855.0
0,1,24,1,1,642,710,51250.0
0,0,19,0,1,120,401,60432.0
0,0,17,0,1,58,506,65526.0
0,1,21,0,0,815,1538,68655.0
0,0,6,0,0,994,57,12393.0
0,1,19,1,0,502,1722,64509.0
0,1,15,0,1,480,270,33955.0
0,0,6,0,2,368,31,31353.0
0,0,24,0,1,601,882,55434.0
0,0,4,0,1,431,16,28359.0
0,1,14,0,1,228,311,57100.0
0,0,11,0,1,339,227,69139.0
0,0,31,0,1,873,1152,52973.0
0,0,8,1,1,499,122,51717.0
0,0,9,0,1,396,77,18793.0
0,0,19,0,0,828,1289,66664.0
0,1,24,0,2,715,561,50664.0
0,0,13,0,2,708,211,54414.0
0,0,12,0,1,304,233,54549.0
0,1,21,0,1,875,1092,47111.0
0,1,17,0,0,655,601,41003.0
0,0,10,0,1,313,54,19444.0
0,0,7,0,1,433,78,36301.0
0,0,26,0,1,488,1095,73059.0
0,0,13,0,1,437,244,42731.0
0,0,9,0,2,283,116,52854.0
0,0,4,0,1,561,15,22775.0
0,0,16,0,2,509,425,46681.0
0,0,26,0,1,393,734,59821.0
0,1,19,0,1,563,638,50002.0
0,0,22,0,0,690,894,69755.0
0,0,7,0,2,196,41,44078.0
0,0,5,0,1,553,31,30560.0
0,0,5,0,2,284,34,35924.0
0,1,18,3,2,465,1750,64140.0
0,0,25,0,2,796,612,56386.0
1,0,5,0,1,446,29,24594.0
0,0,21,0,1,330,823,75774.0
0,1,4,0,0,453,20,39228.0
0,0,16,0,1,385,396,58494.0
0,1,21,1,0,199,813,58684.0
0,1,20,0,0,593,1179,57136.0
0,1,10,0,2,180,138,56551.0
0,0,9,0,1,309,55,22448.0
0,1,22,0,0,864,1511,82014.0
0,1,9,0,2,906,117,34213.0
0,0,28,0,0,612,1730,157146.0
0,1,6,0,1,528,32,25358.0
0,1,6,0,1,151,67,35544.0
0,0,15,0,1,583,335,36634.0
0,0,22,0,1,333,825,62670.0
0,0,23,0,1,526,694,50334.0
0,1,17,2,0,192,1792,72066.0
0,1,24,0,2,695,496,50729.0
0,0,13,0,2,596,231,34916.0
0,1,24,0,1,217,902,64892.0
0,1,9,0,2,92,68,43602.0
0,1,6,0,0,418,71,33996.0
0,1,6,0,1,561,76,41473.0
0,0,22,0,2,499,772,63246.0
0,0,9,0,2,368,47,36732.0
0,0,25,0,1,408,1586,69084.0
0,0,34,1,1,678,1529,77766.0
0,1,13,2,0,520,265,37929.0
0,0,18,0,0,602,1603,86610.0
0,0,22,1,0,426,2091,80141.0
0,0,21,1,0,666,981,72635.0
0,0,34,0,1,770,1533,69016.0
0,0,7,0,0,764,82,20193.0
0,0,14,0,1,647,244,27573.0
1,1,5,0,1,553,36,15862.0
0,0,16,0,1,395,404,49544.0
0,0,6,0,1,343,71,33228.0
0,0,23,1,0,509,1572,70440.0
0,0,11,0,2,349,122,38232.0
0,0,10,0,2,1026,41,22554.0
0,0,4,0,1,270,10,23536.0
0,0,13,0,1,433,304,49413.0
0,0,5,0,2,282,37,42231.0
0,1,16,0,0,876,1754,78789.0
0,0,25,2,1,527,815,56534.0
0,1,27,0,1,640,1001,58350.0
0,1,22,0,0,531,1157,81217.0
0,1,21,0,1,531,688,49090.0
0,1,19,0,0,573,1319,61787.0
0,0,4,0,1,681,21,18169.0
0,1,4,0,1,857,31,24336.0
0,0,6,0,0,731,67,18222.0
0,1,21,0,1,588,708,62335.0
0,0,4,0,2,834,25,42033.0
0,0,11,1,0,673,746,86580.0
0,1,5,0,2,831,32,41437.0
0,1,25,0,2,243,1695,73705.0
0,0,28,0,1,853,1080,61064.0
0,0,9,0,2,277,72,38452.0
0,1,10,0,1,407,57,18358.0
0,0,25,0,1,286,660,55012.0
1,0,11,0,1,1056,103,9722.0
0,0,11,0,1,465,153,38175.0
0,0,32,1,1,833,1220,58656.0
0,0,13,0,1,868,279,52117.0
0,0,20,0,1,334,745,64813.0
0,0,12,0,1,363,264,54222.0
0,0,22,4,0,198,2157,83512.0
0,0,23,3,1,491,1526,77520.0
0,0,6,0,1,484,69,41154.0
0,0,26,1,0,812,1597,80398.0
1,1,8,0,1,217,64,18746.0
0,0,18,0,1,779,497,35196.0
0,1,17,0,1,591,1067,60230.0
0,0,7,0,2,149,31,22108.0
0,0,14,0,2,602,211,44392.0
0,0,25,1,1,767,877,55424.0
0,0,4,0,1,718,11,17688.0
0,0,25,3,0,726,2034,92491.0
0,1,19,3,0,383,1991,90273.0
0,1,24,1,0,331,1686,82571.0
0,1,17,0,1,338,324,38513.0
0,1,9,0,1,258,69,16653.0
0,0,16,0,2,794,252,42586.0
1,1,5,0,1,549,54,23529.0
0,0,27,0,2,516,964,74881.0
0,0,28,0,1,683,1327,71107.0
0,0,7,0,2,284,68,46910.0
0,0,5,0,0,734,60,18690.0
0,1,5,1,2,614,55,37244.0
0,0,21,1,0,29,1456,82427.0
0,1,18,0,1,575,563,75342.0
0,1,26,0,1,682,1504,70044.0
0,1,19,0,2,252,564,79146.0
0,0,23,1,0,401,1125,77437.0
0,0,17,1,1,222,358,54984.0
0,0,5,0,1,415,42,42403.0
0,0,10,1,1,252,184,55761.0
0,0,19,0,1,623,460,37292.0
0,1,8,0,0,218,145,45576.0
0,0,25,0,0,715,1376,70321.0
0,1,23,0,1,711,792,58086.0
0,0,23,0,0,797,1382,81795.0
1,0,4,0,0,772,28,28389.0
0,0,24,0,0,460,1033,66835.0
0,1,23,0,1,582,882,69901.0
0,0,15,3,0,669,2231,80360.0
0,0,19,1,1,807,1101,63342.0
0,0,16,0,1,753,369,44989.0
0,1,5,0,1,308,48,31859.0
0,1,19,1,1,395,467,51569.0
0,1,8,0,2,737,44,30372.0
1,1,10,0,2,655,38,16014.0
0,0,9,0,2,569,81,41120.0
0,1,10,0,1,633,167,39763.0
0,0,7,0,2,88,45,38725.0
0,0,21,0,1,585,664,77981.0
0,0,20,0,1,449,622,62905.0
0,1,7,0,1,455,48,13533.0
0,0,16,0,1,435,461,59481.0
0,0,26,0,1,499,1073,72117.0
0,0,8,0,1,541,55,21955.0
0,0,26,0,1,646,976,67131.0
0,1,5,0,1,199,20,36802.0
0,0,17,0,0,514,1149,71853.0
1,0,6,0,0,200,43,28249.0
0,0,10,1,1,438,224,47808.0
0,1,9,0,1,835,101,25509.0
0,0,10,0,0,623,209,51012.0
0,1,21,0,0,966,968,70596.0
0,0,17,0,0,513,1165,85431.0
0,0,5,0,1,289,24,42664.0
0,0,16,0,2,794,252,42586.0
0,1,12,0,1,855,165,29760.0
0,0,13,0,0,810,269,28973.0
0,0,7,0,1,572,102,39435.0
0,0,19,0,0,723,461,65370.0
1,1,7,0,1,745,47,20194.0
0,1,10,0,2,318,144,42473.0
0,0,24,0,0,809,1338,64590.0
0,0,25,0,1,399,917,71232.0
0,0,17,0,2,730,318,34600.0
0,1,14,0,2,1026,253,46904.0
0,0,20,0,1,832,502,49094.0
0,0,7,0,1,476,119,36075.0
0,0,29,0,2,856,1250,60839.0
0,0,24,0,1,689,969,77298.0
0,0,9,0,2,603,76,34026.0
0,1,7,0,2,28,62,48918.0
0,0,26,1,0,504,1382,82122.0
0,1,7,0,1,183,84,37697.0
0,0,14,1,2,537,255,34074.0
0,0,5,0,2,566,43,28520.0
0,1,14,0,1,662,398,62535.0
0,1,8,0,1,260,76,36273.0
0,0,15,1,2,209,902,63404.0
0,0,21,0,1,330,823,75774.0
0,0,26,0,1,188,1179,78416.0
0,0,29,1,1,809,1921,75702.0
0,0,10,0,2,613,185,59385.0
0,1,23,0,2,652,433,37070.0
0,0,6,1,2,92,34,44689.0
0,0,27,0,1,513,907,53977.0
0,1,25,0,2,538,416,7144.0
0,1,10,0,2,635,44,18701.0
0,0,17,0,0,248,1588,90369.0
0,1,17,1,0,965,1797,63159.0
0,0,6,0,2,996,40,37758.0
0,1,21,0,1,776,1143,46757.0
0,0,14,1,0,187,914,79734.0
0,0,12,1,0,711,1502,63207.0
0,1,20,0,1,686,1338,72071.0
0,0,5,0,1,529,27,21840.0
0,0,22,1,1,460,763,58582.0
0,1,22,0,0,531,1331,72282.0
0,0,19,0,2,488,525,50387.0
0,0,4,0,2,200,9,32583.0
0,0,16,1,1,181,953,62568.0
0,1,7,0,2,417,68,44635.0
0,1,10,0,2,631,131,33316.0
0,0,23,0,1,480,882,63967.0
0,0,25,0,0,997,1149,52513.0
0,0,5,0,1,473,37,25293.0
0,1,15,0,1,494,388,54111.0
0,0,16,0,0,685,1428,78394.0
0,0,24,0,0,588,1633,80739.0
0,0,10,0,1,589,173,22669.0
0,1,9,0,1,509,99,29236.0
0,0,12,0,1,657,215,44911.0
0,0,31,0,1,683,929,54693.0
0,0,12,0,1,287,219,48186.0
0,0,12,0,2,418,174,54809.0
0,0,9,0,2,811,92,41580.0
0,0,25,0,0,479,1052,80336.0
0,0,14,1,1,650,275,47743.0
0,0,16,0,1,1029,587,62972.0
0,1,33,0,1,831,1662,57333.0
0,0,11,0,1,425,159,32313.0
0,1,18,3,0,666,1024,84953.0
0,1,7,0,1,253,35,27071.0
0,0,15,0,0,488,1042,68148.0
0,0,19,0,2,538,395,65735.0
0,0,23,3,0,753,557,86836.0
0,0,15,0,2,192,9,4023.0
0,0,6,0,0,512,69,30093.0
0,0,18,0,1,61,486,57705.0
0,1,6,0,1,333,34,25008.0
0,1,28,2,0,835,1365,83257.0
0,0,4,0,1,592,13,22280.0
0,0,21,0,0,794,1401,72159.0
0,0,14,0,0,426,1574,64260.0
0,1,20,0,0,449,1323,82733.0
0,1,32,2,1,389,1217,74290.0
0,1,7,0,3,775,103,58217.0
0,0,7,0,0,634,84,21024.0
0,0,23,0,0,705,1536,70116.0
0,0,18,0,1,835,581,54006.0
0,0,14,0,1,904,928,69063.0
0,1,4,0,0,382,14,11448.0
0,1,15,0,1,542,424,61825.0
0,0,14,0,1,444,960,70886.0
0,0,20,1,0,842,1555,69109.0
0,1,29,1,2,905,656,60208.0
0,0,9,0,2,571,55,32889.0
0,1,5,0,1,57,20,34738.0
0,0,17,0,1,1087,367,30538.0
0,0,22,3,0,90,2257,82326.0
0,1,7,0,1,363,42,26642.0
0,1,26,0,1,391,1049,69932.0
0,1,7,0,2,260,48,44503.0
0,1,25,0,1,699,685,60200.0
0,1,5,0,1,257,39,49638.0
0,1,5,0,0,183,43,23830.0
0,1,21,0,0,868,835,33051.0
0,0,20,1,0,345,1515,72905.0
0,0,26,0,1,681,1039,69702.0
0,1,26,0,1,535,1596,70300.0
0,0,18,0,0,808,1828,70643.0
0,0,6,1,1,246,34,30396.0
0,1,10,0,1,258,149,50616.0
0,1,23,1,1,592,946,62772.0
0,1,6,0,0,227,28,30298.0
0,1,17,0,1,1026,450,52413.0
0,0,5,0,2,347,46,44155.0
0,1,16,1,0,539,1702,86979.0
0,0,25,0,2,479,820,76532.0
0,0,15,1,1,674,382,42081.0
0,0,20,0,0,853,2126,67546.0
0,0,20,3,0,330,2069,88420.0
0,0,7,0,1,704,72,31158.0
0,1,28,2,1,301,732,61671.0
0,1,11,0,0,220,801,69719.0
0,1,12,0,1,438,236,49160.0
1,0,5,1,1,844,80,24882.0
0,1,15,1,0,276,1685,90933.0
0,1,27,0,0,218,277,113734.0
0,0,18,0,1,567,507,59292.0
0,0,7,0,2,677,68,45759.0
0,1,5,0,0,263,49,22148.0
0,0,15,0,0,289,397,73395.0
0,1,9,0,1,434,39,29819.0
0,0,14,1,1,341,306,45688.0
0,0,14,0,0,422,976,62820.0
0,0,28,0,1,571,1028,60491.0
0,0,7,0,1,244,70,33235.0
0,0,5,0,0,653,46,35701.0
0,0,5,1,1,462,51,31535.0
0,0,21,0,0,256,1263,92556.0
0,1,22,1,1,812,1490,67384.0
0,0,24,0,0,809,1564,80573.0
0,0,18,2,1,862,1815,77870.0
0,1,31,0,1,706,1198,52278.0
0,1,23,2,1,860,416,57107.0
0,0,6,0,0,684,85,18929.0
0,1,8,0,1,580,47,36038.0
0,1,8,0,0,680,137,20180.0
0,0,4,0,2,736,21,34230.0
0,1,6,0,1,193,70,31878.0
0,0,22,0,1,347,909,70932.0
0,1,22,4,0,803,1676,91249.0
0,1,26,1,0,721,1735,77598.0
0,1,30,0,2,518,1191,80982.0
0,0,5,0,1,602,24,22701.0
0,0,20,2,1,769,1182,55212.0
0,0,14,0,0,557,1280,70617.0
0,1,19,0,0,779,1336,64849.0
0,0,24,0,2,563,749,62694.0
0,0,7,0,2,407,91,61917.0
0,0,15,0,1,460,414,67472.0
0,0,9,0,1,184,44,21059.0
0,0,8,0,2,362,63,29543.0
0,0,23,0,1,515,901,75903.0
0,0,6,0,2,936,38,34984.0
0,1,20,0,1,455,455,54998.0
0,1,24,0,1,773,775,54356.0
0,0,4,0,1,284,15,34242.0
0,0,6,0,1,488,38,25410.0
0,0,22,3,0,213,1512,73356.0
0,0,5,0,1,717,43,28320.0
0,1,5,0,1,907,42,23763.0
0,0,23,0,0,251,1089,72570.0
0,0,9,0,1,839,162,34529.0
0,1,19,0,0,578,1272,70792.0
0,0,20,0,0,1055,1173,63211.0
0,0,22,0,1,195,816,83891.0
0,1,9,0,2,641,74,36065.0
0,0,9,0,1,395,134,39898.0
0,1,9,0,0,512,157,51141.0
0,0,18,0,1,470,561,56939.0
0,1,19,0,0,27,1336,80872.0
0,0,23,0,0,871,2092,72335.0
0,1,16,0,0,404,463,61798.0
0,1,17,0,0,302,1130,76842.0
0,0,5,0,1,349,20,29478.0
0,1,18,1,1,801,377,46998.0
0,1,28,1,0,618,1544,96843.0
0,1,10,0,2,180,138,56551.0
0,0,26,0,1,665,1012,70053.0
0,1,15,3,0,481,1766,71670.0
0,0,9,0,2,198,45,44359.0
0,1,10,0,2,575,161,40887.0
0,1,8,0,1,245,144,48877.0
0,0,26,0,0,495,1734,74485.0
0,0,22,0,1,436,823,64474.0
0,0,28,0,1,307,1138,77226.0
0,1,21,1,0,673,1429,72643.0
0,0,21,2,0,343,1371,85738.0
0,1,16,1,1,686,982,55686.0
0,1,5,1,1,282,44,39062.0
0,0,17,0,2,730,318,34600.0
0,0,16,0,1,546,434,40794.0
0,0,12,0,2,539,198,54690.0
0,0,25,0,1,601,359,4428.0
0,0,18,0,0,1058,576,32632.0
0,1,11,0,2,468,88,38236.0
0,0,6,0,1,89,63,36781.0
0,1,4,1,1,964,27,31385.0
0,0,11,0,1,673,193,24570.0
0,1,9,0,1,835,101,25509.0
0,0,21,2,0,30,2211,94642.0
0,0,8,0,1,452,140,58646.0
0,1,22,0,2,395,415,53201.0
0,0,4,0,1,738,22,21994.0
0,0,16,0,2,578,263,57113.0
0,0,12,0,0,558,393,51373.0
0,0,10,0,1,437,147,23477.0
0,0,16,0,1,263,443,58116.0
0,1,19,1,0,381,1958,72968.0
0,0,10,0,1,644,174,39791.0
0,1,27,1,0,441,2217,91712.0
0,1,16,2,1,303,1691,94472.0
0,0,6,0,2,624,25,13672.0
0,0,21,3,0,223,809,96547.0
0,0,16,1,0,855,895,79205.0
0,0,18,0,1,737,484,56559.0
0,0,18,1,1,715,413,32644.0
0,1,12,0,1,334,331,67506.0
0,1,5,0,1,516,25,24206.0
0,1,4,0,1,373,13,28420.0
0,0,10,0,1,936,115,22979.0
0,1,4,0,0,26,16,33279.0
0,1,9,0,2,470,92,46423.0
0,0,7,0,1,539,52,30368.0
0,0,23,0,1,766,1464,63684.0
0,1,17,1,1,687,441,41638.0
0,1,12,0,1,471,283,68805.0
0,0,23,0,1,332,747,65814.0
0,1,17,0,0,591,1870,71964.0
0,1,11,0,1,686,165,39146.0
0,0,24,3,0,572,1941,96876.0
1,0,27,0,0,704,839,34445.0
0,1,25,0,0,907,1655,68281.0
0,0,4,0,2,643,23,37284.0
0,0,6,0,0,728,66,36790.0
0,0,8,0,2,626,37,27943.0
0,1,6,0,2,277,21,22263.0
0,0,4,0,3,828,22,30261.0
0,0,9,0,1,30,78,28587.0
0,0,6,0,1,607,79,43815.0
0,0,17,0,2,345,265,48195.0
0,0,19,0,1,244,1175,77027.0
0,0,28,0,1,684,1305,71322.0
0,0,8,0,1,312,46,32765.0
0,0,4,0,2,394,25,29672.0
0,1,5,0,0,441,46,23272.0
0,0,26,1,1,906,874,49912.0
0,0,10,0,1,1089,100,7500.0
0,1,25,1,1,455,930,68117.0
0,0,23,0,1,401,868,67225.0
0,0,9,0,1,386,45,17649.0
0,0,29,0,1,612,1260,55914.0
0,0,12,1,1,460,414,40059.0
0,0,15,0,1,599,392,60905.0
0,0,29,0,2,996,1109,75330.0
0,1,22,0,1,725,639,60689.0
0,0,6,0,1,644,79,38680.0
0,0,24,1,0,517,1665,61416.0
0,1,18,0,0,695,692,49767.0
0,1,29,0,3,828,1392,83273.0
0,0,7,0,1,398,44,29009.0
0,0,6,0,1,719,50,45057.0
0,0,21,0,1,783,467,37150.0
0,1,12,0,1,397,223,43020.0
0,0,9,0,1,117,158,53154.0
0,0,28,2,0,418,1211,65308.0
0,1,14,0,1,867,1575,76467.0
0,0,22,0,0,370,1208,81044.0
0,0,5,0,2,485,43,32871.0
0,1,21,1,2,466,527,55801.0
0,1,15,0,1,193,932,76320.0
0,1,8,0,2,329,71,36927.0
0,0,5,0,2,189,54,48794.0
0,1,7,0,0,653,129,23478.0
0,1,27,0,1,935,1615,71128.0
0,1,26,0,1,529,1034,70179.0
0,0,25,0,1,610,1088,59462.0
0,0,25,0,2,593,721,51381.5
0,0,10,0,1,370,137,38361.0
0,1,8,0,1,580,47,51381.5
0,0,17,0,0,433,1244,70038.0
0,0,7,0,2,396,41,42554.0
0,0,32,0,1,754,1174,67445.0
0,1,15,0,1,579,993,67046.0
0,0,7,0,0,571,100,42192.0
0,0,17,0,1,794,1680,77610.0
0,0,9,0,1,242,98,31761.0
0,0,5,0,1,439,48,34350.0
0,0,19,0,1,603,519,54591.0
0,0,20,0,1,372,715,71866.0
0,0,5,0,1,473,37,25293.0
0,1,20,0,0,457,653,42000.0
0,0,21,0,0,543,1455,69520.0
0,1,19,0,1,183,602,64713.0
0,0,5,0,1,604,26,27889.0
1,1,7,0,0,280,102,22123.0
0,0,10,0,2,669,97,51381.5
0,0,11,0,1,557,207,51381.5
0,0,9,0,1,858,176,27803.0
0,1,15,0,1,440,450,51381.5
0,0,17,0,1,904,433,51651.0
0,0,30,0,0,718,1366,68487.0
0,1,22,1,0,428,1564,51381.5
0,0,27,0,1,684,1001,56796.0
0,0,18,0,0,747,961,87000.0
0,0,23,1,1,276,1518,79823.0
0,1,8,0,1,631,56,30828.0
0,0,4,0,1,569,22,34109.0
0,1,21,0,2,488,400,53367.0
1,0,4,0,0,437,26,22390.0
0,0,13,0,1,330,350,71322.0
0,1,22,2,0,743,1216,79244.0
0,0,26,1,1,906,874,49912.0
0,0,5,0,2,590,40,48699.0
0,0,19,0,0,458,1367,80144.0
0,1,15,0,2,583,264,54252.0
0,0,20,2,1,824,2053,81929.0
0,0,10,2,1,763,1376,76068.0
0,0,5,0,2,287,45,53204.0
0,0,27,0,1,224,976,67911.0
0,0,6,0,1,836,51,14796.0
0,0,20,2,1,316,1264,78128.0
1,0,7,0,0,672,75,14188.0
1,0,7,0,1,794,57,20425.0
0,0,8,0,1,452,140,58646.0
0,1,19,1,1,747,497,72967.0
0,0,13,0,1,513,266,48150.0
0,1,21,1,0,836,2006,82332.0
0,1,23,0,2,694,615,58275.0
0,0,24,1,0,741,1021,44953.0
0,0,6,0,2,230,22,34587.0
0,0,7,0,1,720,133,43018.0
0,0,19,0,1,526,437,45736.0
0,0,26,0,1,629,1013,66476.0
0,0,7,0,1,493,57,27733.0
0,0,27,0,1,345,1038,69805.0
0,1,22,0,0,454,1573,72217.0
0,1,4,0,1,805,28,25818.0
0,0,9,0,1,753,123,37509.0
0,0,4,0,2,450,13,25176.0
0,0,10,0,1,854,132,43586.0
0,0,23,0,1,1029,732,53230.0
0,0,7,1,2,195,66,50116.0
0,0,24,3,0,631,1631,84906.0
0,0,18,0,1,692,608,61286.0
0,0,18,1,0,642,1822,82333.0
0,0,23,0,0,1028,1282,65220.0
0,0,4,0,3,661,8,33590.0
0,1,5,0,1,619,43,30992.0
0,1,20,1,0,424,1931,72309.0
0,0,0,0,0,490,8,156924.0
1,0,8,0,1,870,103,16005.0
0,1,17,0,0,92,1169,65487.0
0,0,15,0,1,211,395,58692.0
0,1,15,1,2,690,258,40590.0
0,1,5,0,1,57,25,20587.0
0,1,10,0,1,363,185,62637.0
0,1,11,0,2,937,180,29435.0
0,1,5,0,1,336,22,19346.0
0,0,7,0,2,343,44,35788.0
0,1,12,0,2,729,94,36997.0
0,0,7,0,0,307,81,23539.0
0,1,28,2,1,349,798,65333.0
0,1,19,1,0,404,1334,78499.0
0,0,5,0,1,282,38,29732.0
0,0,11,0,3,283,61,41275.0
0,0,16,0,2,573,300,63516.0
0,0,8,0,1,387,88,42769.0
0,0,7,0,2,382,54,49572.0
0,0,16,1,0,836,1782,69209.0
0,0,11,0,1,338,68,17148.0
0,1,15,1,2,690,258,40590.0
0,0,5,0,1,553,31,30560.0
0,0,8,0,1,27,66,32146.0
0,1,13,0,2,247,174,41713.0
0,0,5,0,1,344,28,34176.0
0,0,22,1,1,29,731,58482.0
0,1,12,0,1,341,274,59686.0
0,0,26,0,1,782,1701,60896.0
0,0,13,0,1,273,312,62994.0
0,0,20,0,1,723,414,47320.0
0,1,23,1,0,666,1565,74859.0
1,1,6,0,1,430,29,15253.0
0,1,8,0,1,556,94,31560.0
0,1,20,0,1,686,1338,72071.0
0,1,14,4,0,645,1092,91172.0
0,0,18,3,0,374,1479,90000.0
0,1,5,0,2,404,54,41967.0
0,1,18,1,1,243,568,69263.0
0,1,27,3,0,552,1199,65706.0
0,0,23,0,1,349,873,60934.0
0,0,17,0,1,521,1213,71965.0
0,0,22,2,1,90,731,65210.0
0,0,19,2,0,426,2043,79174.0
0,1,17,0,0,740,1893,81380.0
0,1,19,0,1,805,424,48432.0
0,0,15,1,1,549,575,52914.0
0,0,12,0,1,434,257,38946.0
0,0,9,0,1,630,56,26067.0
0,0,21,1,1,547,542,44325.0
0,0,7,0,0,253,125,42523.0
1,1,9,0,1,591,69,26487.0
0,0,5,0,1,289,40,53233.0
0,0,28,1,1,457,1016,67716.0
0,0,23,1,1,213,907,76234.0
0,0,24,1,0,57,1566,84117.0
0,0,17,0,0,92,1169,65487.0
1,0,7,0,1,291,46,25224.0
0,1,25,0,0,675,1644,89616.0
0,1,5,0,2,679,59,40851.0
0,0,4,0,0,1058,17,27469.0
0,0,25,2,0,934,1853,82347.0
0,0,22,1,1,1089,1528,73803.0
0,1,10,0,2,650,35,8820.0
0,1,8,0,0,255,141,43322.0
0,0,17,1,1,498,546,55593.0
0,0,20,1,2,562,500,50501.0
0,0,10,0,2,189,61,37085.0
1,1,8,0,1,603,106,16185.0
0,1,26,0,1,769,704,57731.0
0,1,19,0,1,805,424,48432.0
0,0,23,0,1,699,849,73807.0
0,0,6,0,0,684,85,18929.0
0,1,15,0,2,808,199,35893.0
0,0,20,0,1,784,1147,61014.0
0,0,10,1,2,284,54,32144.0
1,0,5,0,1,903,43,14918.0
0,1,6,0,2,535,53,45146.0
0,1,22,0,1,687,521,41769.0
0,0,18,0,0,244,1623,88325.0
0,1,7,0,2,361,45,38054.0
0,1,19,0,0,752,1435,80617.0
0,0,1,0,1,520,32,5305.0
0,0,4,0,2,742,16,36807.0
0,0,7,0,1,651,52,28427.0
0,1,17,0,0,242,1234,82032.0
0,0,4,0,1,561,15,22775.0
0,0,17,0,1,809,415,40101.0
0,0,18,0,1,401,470,58025.0
0,1,21,2,0,634,1438,75777.0
0,0,11,0,1,545,53,7500.0
0,0,9,0,3,190,51,33562.0
0,1,22,1,1,122,679,57642.0
0,0,22,0,2,827,586,58554.0
0,0,26,0,2,648,653,63777.0
0,1,19,0,1,669,468,57967.0
0,0,1,1,0,754,1679,51381.5
0,0,7,0,2,228,50,24434.0
0,1,9,1,1,656,84,11012.0
0,1,27,0,0,863,1049,44802.0
0,1,4,0,0,867,22,26816.0
0,0,4,0,1,724,30,34421.0
0,0,18,0,1,567,1341,61223.0
0,0,22,1,3,87,444,64014.0
0,1,19,1,0,341,1241,56981.0
0,0,23,0,1,342,843,69245.0
0,0,11,0,2,808,172,52869.0
